id,trajectory
6740423878578801922,"['Victoria Peak', 'Hong Kong Disneyland']"
6834816477409905921,"['Lion Rock', 'Victoria Peak', 'Lantau Peak']"
6860504268621892869,"['Tai O', 'Hong Kong Disneyland', 'Victoria Peak', 'Ngong Ping']"
6966281156056648962,"['Victoria Harbour', '1881 Heritage']"
6994191140689923334,"['Victoria Peak', 'Tai O']"
7056984801059900674,"['Tai Mo Shan', 'Victoria Peak', 'Tai Po']"
7066765810336861466,"['Kowloon Park', 'Victoria Harbour', 'Avenue Of Stars', 'Ngong Ping Village', 'Causeway Bay']"
7078925331473698074,"['Repulse Bay', 'Jumbo kingdom', 'Sky 100', 'Hong Kong Disneyland']"
7081662866415226158,"['Sham Shui Po', 'Central']"
7083862066120903963,"['Ngong Ping', 'Lantau Island']"
7109444461599427841,"['Observation Wheel', 'Hollywood Rd', 'Wan Chai', 'Times Square']"
7111724310988885274,"['Tai Po', 'Victoria Harbour', 'Tin Hau Station', 'Po Lin Monastery', 'Lantau Island', 'Victoria Peak', 'The Peak Galleria', 'Mong Kok Station']"
7118919776008768795,"['Hong Kong Disneyland', 'Lippo Centre']"
7123102965388348673,"['Lantau Island', 'Tian Tan Buddha', 'Ngong Ping Village', 'Po Lin Monastery', 'Tai Mo Shan']"
7133232202493529345,"['Central', 'Victoria Harbour', 'Hong Kong International Airport']"
7136607674308857089,"['Ngong Ping', 'Tian Tan Buddha']"
7139500908546755841,"['Ocean Park', 'Hong Kong Disneyland', 'Giant Panda Adventure', 'Ngong Ping', 'Hong Kong Science Museum']"
7144607576368368923,"['Tai O', 'Yau Ma Tei']"
7164042184121994502,"['Victoria Peak', 'Tian Tan Buddha', 'Ngong Ping', 'Tai Po', 'Tsz Shan Monastery', 'Lamma Island', 'Big Wave Bay Beach', 'Kowloon']"
7166241065354169605,"['Tai O', 'SOGO', 'Victoria Harbour']"
7168866187571449114,"['Victoria Harbour', 'Hong Kong Palace Museum', 'ifc mall']"
7171104078481706245,"['Victoria Harbour', 'Lantau Island', 'Victoria Peak']"
7173051709407644954,"['Nathan Rd', 'Hong Kong International Airport']"
7176324837433019675,"['Victoria Harbour', 'Museum of Art', 'Victoria Peak', 'Hong Kong Cultural Centre', 'Harbour City', 'Hong Kong Park', 'Tsim Sha Tsui', ""Prince's Building"", 'The Peninsula']"
7176946225860627738,"['Shanghai St', 'Hong Kong Disneyland', 'Brooklyn Bar and Grill', 'Central', 'Lantau Island']"
7182842988295408897,"['Hong Kong Disneyland', 'Hong Kong International Airport', 'Tsing Yi Station', 'Sunny Bay Station']"
7187929337826528539,"['Kwun Tong', 'The Peak Tram']"
7188139920395947266,"['Wellington St', ""Mak's Noodle""]"
7188181714429087002,"['Hong Kong International Airport', 'Tsing Ma Bridge']"
7188543028167036187,"['Hong Kong Disneyland', 'Adventureland']"
7188599814790057259,"['Hong Kong International Airport', 'Sham Shui Po Government Primary School']"
7188702517964836138,"['Aberdeen', 'Causeway Bay']"
7188795277485116698,"['Po Lin Monastery', 'Ngong Ping Village', 'Tian Tan Buddha']"
7189492393974959387,"['Hong Kong International Airport', 'Hong Kong Disneyland']"
7189618324974669102,"['South Horizons', 'Temple Street Night Market']"
7189999801088412954,"['LOUIS VUITTON', 'Pacific Place', 'The Peak Tram', 'The Peak Terminus', 'Victoria Harbour', 'Hong Kong International Airport']"
7190010515027168558,"['Hong Kong Trail', 'Pok Fu Lam Reservoir Rd']"
7190763963808763162,"['Hong Kong International Airport', 'Tsing Ma Bridge']"
7191397408532614427,"['The Grand Buffet', 'Wesleyan House']"
7193389964355276059,"['Hong Kong Disneyland', 'West Kowloon', ""Disney's Hollywood Hotel""]"
7194633212616789291,"['Hong Kong International Airport', 'Tai Tam']"
7194918099538332974,"['Hong Kong Convention and Exhibition Centre', 'Tai O', 'Victoria Peak']"
7196911359395728682,"['Lei Yue Mun', 'Hoi Ping Rd']"
7197357183363861786,"['Hong Kong Disneyland', 'Causeway Bay', 'Hong Kong International Airport']"
7197655090507828481,"['Australia Dairy Company', 'Ching Kee']"
7198804835167243522,"['Mong Kok Night Market', 'Tsim Sha Tsui']"
7199485900223483163,"['The Hong Kong Polytechnic University', 'East Tsim Sha Tsui', 'Central', 'Hong Kong Island']"
7199572925152857346,"['Ocean Park', 'Hong Kong Disneyland', 'Ngong Ping 360']"
7199636780872764699,"['Hong Kong Disneyland', 'Adventureland', 'Mystic Manor', 'Toy Story Land']"
7199693977983929627,"['Victoria Harbour', 'The Peninsula']"
7200040481177210139,"['Hong Kong International Airport', 'THE MATCHA TOKYO', 'The Peninsula', 'Victoria Harbour']"
7200311039185931521,"['Arte M', 'Monster Building', 'East Coast Park Precinct']"
7200747538268343578,"['Central', 'ifc mall', 'Observation Wheel']"
7201771741281144090,"['Hong Kong International Airport', 'iSQUARE', 'Victoria Harbour', 'Sky 100', 'Victoria Peak']"
7202512239356644613,"['Tian Tan Buddha', 'Ngong Ping 360', 'Lantau Island', 'Ngong Ping']"
7202618011730103557,"['Ocean Park', 'North Pole Encounter']"
7202941877820198171,"['Victoria Peak', 'The Peak Tower']"
7203033733312662810,"['Ngong Ping 360', 'Ngong Ping', 'Ngong Ping Village', 'Kwun Yum Temple', 'Mong Kok', 'Temple St', 'Lan Kwai Fong', 'Central', 'Tsim Sha Tsui', 'Hong Kong Disneyland']"
7203548973557239045,"['Victoria Harbour', 'Star Ferry Pier', 'Hong Kong Macau Ferry Terminal', 'Lamma Island', 'Tai O']"
7203889537066601755,"['Hong Kong Disneyland', 'Hong Kong International Airport', 'Hong Kong Station', 'Tsim Sha Tsui', 'The Kimberley Hotel', 'Granville Rd', 'ICHIRAN', 'Harbour City', 'World Trade Centre', 'Mong Kok']"
7204036435329092891,"['Mong Kok', 'Ngong Ping', 'Victoria Harbour']"
7204067933608348954,"['Hong Kong International Airport', 'Sky City Interchange', 'Tsing Ma Bridge']"
7204101185320570118,"['Tsim Sha Tsui', '1881 Heritage', 'Central']"
7204129154248314118,"['World Trade Centre', 'K11 MUSEA']"
7204297516186094853,"['The Peak Tram', 'Victoria Peak', 'Madame Tussauds', 'Central']"
7204335613364030747,"['Tsim Sha Tsui', 'Victoria Peak', 'Victoria Harbour', 'K11 MUSEA', 'Tsim Sha Tsui Promenade', 'Sky 100', 'The Peninsula']"
7204370526268181787,"['Hong Kong Disneyland', 'Lai King', 'Tung Chung']"
7204520074353446150,"['Nathan Rd', 'Kowloon', 'Causeway Bay', 'Wo Foo Commercial Building']"
7204567839011818757,"['SOGO', 'Victoria Peak']"
7204681492306464026,"['Lai King', 'Tung Chung', 'Ngong Ping 360', 'Lantau Island', 'Tian Tan Buddha', 'Po Lin Monastery', 'Central', 'The Peak Tram', 'Hong Kong International Airport']"
7204684179114659077,"['Central', 'Hong Kong Park']"
7204754363926138158,"['Hung Hom Pancake', 'Hung Hom', 'L & S WIGS', 'Bakehouse (Wan Chai)', 'Kai Kai Dessert']"
7205077646063963435,"['Cheung Hing Coffee Shop', ""Kam's Roast Goose"", 'Po Wah Commercial Centre', 'Victoria Harbour', 'Temple St']"
7205147831181593882,"['Hong Kong Disneyland', 'Hong Kong International Airport', 'Hong Kong-Zhuhai-Macao Bridge']"
7205503688796917018,"['Hong Kong International Airport', 'Clock Tower']"
7205624297023491354,"['Lantau Island', 'Clock Tower']"
7206302431926422811,"['Tsim Chai Kee Noodles', 'Tsim Sha Tsui', 'Sister Wah Beef Brisket']"
7206644886920023322,"['Hong Kong Disneyland', 'Tsim Sha Tsui']"
7206683886481394971,"['Tian Tan Buddha', 'Ngong Ping', 'Lantau Island', 'Victoria Peak']"
7206776715480157446,"['Chi Lin Nunnery', 'Po Lin Monastery', 'Hong Kong Park', 'Nan Lian Garden', 'Diamond Hill']"
7206977585237036314,"['Hong Kong Disneyland', 'Happy Valley Racecourse', ""Ladies' Market"", 'Wan Chai Station']"
7207555355595803947,"['Yat Lok Restaurant', 'Hop Yik Tai', 'Apliu Street Flea Market']"
7207598083897658630,"['Tian Tan Buddha', 'Hong Kong Cultural Centre', 'Tai O', 'Tung Chung', 'Lantau Island', 'Hong Kong International Airport', 'Ngong Ping 360', 'Ngong Ping', 'Po Lin Monastery', 'Tai Po', 'Victoria Park']"
7207676260301196590,"['Wan Chai', 'Stubbs Rd', 'K11 ARTMALL']"
7208336493885050138,"['Tai Po', 'Hong Kong International Airport']"
7208374335961222446,"['Temple Street Night Market', 'Tung Lung Chau', 'Monster Building', 'Choi Hung Estate', 'Kennedy Town']"
7208562576664366341,"['Hong Kong International Airport', 'Royal View Hotel', 'Victoria Peak', 'Hong Kong Disneyland']"
7208629266827808006,"['Temple St', 'Langham Place', 'Tsim Sha Tsui', 'Hong Kong International Airport']"
7208876529411984645,"['Hong Kong International Airport', 'Hong Kong Disneyland']"
7208924286780722458,"['Ap Lei Pai', 'Aberdeen']"
7208949057866288426,"['Tai Mo Shan', 'Lantau Island', ""Dragon's Back""]"
7208949782847474949,"['Victoria Peak', 'The Peak Lookout']"
7208972360815283461,"['Lantau Island', 'Ngong Ping', 'Tian Tan Buddha']"
7208988132082076933,"['Causeway Bay', 'Wo Foo Commercial Building']"
7209090145977503018,"['Mong Kok', 'Hong Kong Cultural Centre', 'AKI Hotel', 'Wan Chai']"
7209100048662121734,"['Hong Kong International Airport', 'Tsing Ma Bridge', 'Tsing Yi', 'Tsim Sha Tsui', 'Wan Chai']"
7209242112334859525,"['Ngong Ping 360', 'Observation Wheel', 'Tsing Ma Bridge', 'Lantau Island', 'Ngong Ping Village', 'Ngong Ping', 'Victoria Peak', 'Tian Tan Buddha', 'Po Lin Monastery']"
7209498368903564549,"['Ngong Ping Village', 'Lantau Island', 'Po Lin Monastery', 'Tai Po']"
7209613177569512705,"['Tsing Ma Bridge', 'Victoria Harbour']"
7209822289305619717,"['Mong Kok', 'Tsim Sha Tsui', 'Ocean Park', 'Hong Kong Disneyland', ""Prince's Building"", 'Central', 'Observation Wheel', 'Central Ferry Pier', 'Avenue Of Stars', 'The Peak Tram', 'Cheung Kong Center', 'Victoria Peak', 'The Peak Tower', 'Hong Kong International Airport']"
7209996330343632134,"['Hong Kong Disneyland', 'Hyperspace Mountain', 'Toy Story Land', 'Mystic Manor', 'Tomorrowland']"
7210033252940123398,"['Hong Kong International Airport', 'Hong Kong Disneyland', 'South Horizons', 'The Hong Kong Country Club', 'Yu Moon House', 'Lamma Island', 'The Peak Tram', 'Madame Tussauds', 'Ocean Park', 'The Grand Aquarium', 'Victoria Peak', 'Ngong Ping', 'Ngong Ping 360']"
7210064649109179654,"['iSQUARE', 'Causeway Bay']"
7210289739188948229,"['Hong Kong International Airport', 'Tsing Ma Bridge']"
7210412497680076034,"['Tsing Ma Bridge', 'Lantau Island']"
7211326130626874666,"['SOGO', 'Lantau Island']"
7211810305393937691,"['Hong Kong Disneyland', 'Victoria Harbour', 'Tian Tan Buddha']"
7212172591052737835,"['Central', 'Southorn Stadium']"
7212569316099656965,"['Mong Kok', 'Lady BoBo']"
7212717331489983790,"['The Peninsula', 'The Ritz-Carlton', 'The St. Regis']"
7212991818122743083,"['Mui Wo', 'The Hideout']"
7213026785280134402,"['Hong Kong International Airport', 'Best Western Plus Hotel', 'Central and Western District Promenade', 'Observation Wheel']"
7213367295047994650,"['Prince Edward Station', 'One Dim Sum', 'Mong Kok', 'Tsim Sha Tsui']"
7213368798903127301,"['ICHIRAN', 'The Ritz-Carlton']"
7213724646443601198,"['Apt. Coffee Wanchai', 'Bakehouse (Wan Chai)']"
7214098968823745798,"['Ramada Hong Kong Harbour View', 'North Point', 'Ramada Hong Kong Grand View', 'Western Market']"
7214309518119865627,"['Po Wah Commercial Centre', 'Prince Edward Station', ""Queen's Road""]"
7214846540777606426,"['Hong Kong International Airport', 'Tai O', 'Shang Sin Chun Tong', 'Ngong Ping 360', 'Lantau Island', 'Victoria Harbour', 'Hong Kong Disneyland']"
7215107460879650074,"['Hong Kong Disneyland', 'Hong Kong Science Museum']"
7215140986354240795,"['For Kee Restaurant', ""Mak's Noodle"", 'Harbour Kitchen']"
7215538288763899162,"['Avenue Of Stars', 'Tsim Sha Tsui', 'Nan Lian Garden', 'Ngong Ping', 'West Kowloon', 'Tai Kwun', 'Happy Valley Racecourse']"
7215541039807876353,"['Bakehouse (Wan Chai)', 'Hong Kong International Airport', 'Australia Dairy Company', 'North Point', 'Wan Chai']"
7215584496194751790,"['Violet Hill', 'Victoria Peak']"
7216320190663937307,"['Hong Kong International Airport', 'The Hong Kong Tourism Board Kowloon Visitor Centre', ""Mak's Noodle""]"
7216370556201913627,"['Victoria Harbour', 'Temple St', 'Hong Kong Disneyland']"
7216701663946689798,"['Tin Hau Temple', 'Wong Tai Sin Temple', 'Tai Po', 'Hung Hom Kwun Yum Temple']"
7217067360316853509,"['Temple Street Night Market', 'Yaumatei Tin Hau Temple']"
7217132251744701723,"['Hong Kong International Airport', 'Dorsett Wanchai', ""Kam's Roast Goose"", 'Po Wah Commercial Centre', '6 Hennessy Rd', 'Victoria Harbour', 'Ming Court Hotel']"
7217166782589570331,"['Trusty Congee King', 'Star Ferry Pier', 'Hong Kong Cultural Centre', 'Avenue Of Stars', 'K11 MUSEA', 'MOMA', 'Tung Choi St', 'Fa Yuen Street Market']"
7217359789226069274,"['Sister Wah Beef Brisket', 'Montane Mansion', 'Choi Hung Estate', 'Hong Kong Museum of History', 'The Peninsula', 'Mon Kee Café', 'Kowloon Centre', 'Mong Kok', 'Central', 'Wan Chai']"
7217371189512031514,"[""Megan's Kitchen"", 'Milksha', 'Kapok', 'Blue Bottle Coffee', 'Sau Wa Fong', 'Rainbow Stairs', 'ifc mall']"
7217394009449221382,"['Ngong Ping Village', 'Lantau Island', 'Po Lin Monastery', 'Yaumatei Tin Hau Temple', 'Central', 'Victoria Harbour', 'Hong Kong Disneyland']"
7217404334827408667,"['Dorsett Wanchai', ""Kam's Roast Goose"", 'Po Wah Commercial Centre', 'Victoria Harbour', 'Trusty Congee King', 'Star Ferry Pier', 'Avenue Of Stars', 'K11 MUSEA', 'MOMA', 'Hong Kong Cultural Centre', 'Tung Choi St', 'Fa Yuen Street Market', 'Jordan', 'Sister Wah Beef Brisket', 'Montane Mansion', 'Choi Hung Estate', 'Hong Kong Museum of History', 'Kowloon Centre', 'Mon Kee Café', ""Megan's Kitchen"", 'Milksha', 'Kapok', 'Blue Bottle Coffee', 'Sau Wa Fong', 'ifc mall']"
7217431589641374978,"['Tsim Sha Tsui', 'Hashtag B', 'SHARI SHARI Kakigori House', 'Kamcentre Roast Goose', 'Yee Shun Milk Company']"
7217807778189020418,"['Victoria Peak', 'Lan Fong Yuen']"
7218015362963541254,"['Hong Kong Disneyland', 'Sunny Bay Station', 'Main Street Bakery', 'Royal Banquet Hall']"
7218048747362602245,"['Central', 'Stone Slab Street']"
7218437904719203589,"['Hong Kong International Airport', 'The Peninsula', 'Hong Kong Convention and Exhibition Centre', 'Clock Tower', 'Temple St']"
7218737046058257670,"['Hong Kong International Airport', 'Tsing Ma Bridge', 'Tai Po', 'Cheung Chau', 'Attitude on Granville']"
7219366862184811777,"['Hong Kong International Airport', 'North Point']"
7219471376153955590,"['Jordan Station', 'Sunny Bay Station', 'Hong Kong International Airport']"
7220021129950399750,"['Hong Kong Disneyland', 'Victoria Park']"
7220222944365071621,"['Hong Kong International Airport', 'Sai Ying Pun Station', 'Sun Yat Sen Memorial Park', 'The Peak Tram', 'Hong Kong Science Museum', 'Madame Tussauds', 'The Peninsula', 'Tsim Sha Tsui']"
7220225156445244678,"['Ngong Ping', 'Lantau Island', 'Ngong Ping 360']"
7220355749648600346,"['Hong Kong Disneyland', 'The Peak Tram', 'M+', 'Ngong Ping', 'Ngong Ping 360', 'Lantau Island', 'Man Mo Temple', 'Xiqu Centre', 'Eyebar']"
7220361240219077890,"['Sun Hing Restaurant', 'Central Market', 'Man Mo Temple', 'Kung Lee Sugar Cane Drink', 'Yat Lok Restaurant']"
7220391423626038571,"['Happy Valley Racecourse', 'Repulse Bay Beach', 'Repulse Bay', 'PMQ']"
7220527389036514566,"['Lan Fong Yuen', 'Hong Kong Disneyland', 'Tsim Sha Tsui', 'Mott 32', 'Ocean Park', 'Hollywood Rd', 'Tian Tan Buddha', 'Citygate Outlets', 'K11 MUSEA']"
7221040503792389402,"['Hong Kong-Zhuhai-Macao Bridge', 'Ngong Ping', 'Tian Tan Buddha']"
7221080913428483330,"['K11 MUSEA', 'Victoria Peak', 'Avenue Of Stars', 'Wong Tai Sin Temple']"
7221149454584352001,"['Ocean Park', 'Hollywood Rd']"
7221250937535401217,"['Observation Wheel', 'The Peak Tram', 'Victoria Peak']"
7221473868001725702,"['Hong Kong International Airport', 'Hong Kong Disneyland']"
7222330568480935169,"['Sheung Wan', 'Harbour City', 'Sham Shui Po', 'HKU Station']"
7222605269124025605,"['Tai O', 'Tai O Rd', 'Tai O Market St', 'Fu Shan Viewing Point', 'Tai Tam Reservoir', 'Sun Ki Bridge', 'Lamma Island']"
7223035259137330459,"['iSQUARE', 'Ocean Park', 'Victoria Peak', 'Hong Kong Disneyland']"
7223685568406834433,"['K11 MUSEA', 'K11 ARTMALL']"
7224148924037188870,"['Victoria Harbour', 'Australia Dairy Company', 'Yat Tung Heen']"
7224286203661569286,"['Times Square', 'Museum of Art', 'K11 MUSEA']"
7224775682730069253,"['Hong Kong International Airport', 'Australia Dairy Company', 'Victoria Harbour']"
7224840829267873029,"['Water World', 'Ocean Park', 'Old Hong Kong', 'Lantau Island', 'Hong Kong Disneyland', 'Madame Tussauds', 'Mott 32', 'Ngong Ping', 'Walking With Buddha', 'Hong Kong International Airport']"
7225146928424701190,"['Hong Kong Zoological and Botanical Gardens', 'Victoria Park', 'Central', 'Observation Wheel']"
7225183790862257413,"['Hong Kong International Airport', 'North Point', 'Victoria Harbour']"
7225244117285145858,"['Avenue Of Stars', 'Tsim Sha Tsui']"
7225629114831555883,"['Hing Kee Restaurant', 'Oi Man Sang']"
7226192491534486811,"['Hong Kong Disneyland', 'Hong Kong Cultural Centre']"
7226726781968059650,"['Diamond Hill Station', 'Victoria Peak', 'Tai Tam Reservoir', 'Tai Mo Shan']"
7227137447694585090,"['Ngong Ping', 'Lantau Island', 'Ngong Ping 360', 'Hong Kong-Zhuhai-Macao Bridge', 'Tsz Shan Monastery', 'Victoria Park']"
7227473718589672730,"['Ngong Ping 360', 'Ngong Ping', 'Lantau Island', 'Tian Tan Buddha', 'Central']"
7227842635124215067,"['The Peak Tram', 'Victoria Peak', ""Kam's Roast Goose"", 'Tsim Sha Tsui', 'Kowloon Park', 'Bakehouse (Wan Chai)', 'Mon Kee Café']"
7228032132059270427,"['Hong Kong Disneyland', 'Grizzly Gulch', 'Tomorrowland']"
7228219187016142081,"['Lantau Island', 'Tai O', ""Dragon's Back"", 'Tai Mo Shan']"
7228222538986360066,"['Kowloon', 'Kowloon Walled City Park', 'Kowloon City', 'K11 MUSEA', 'Wan Chai', 'Bakehouse (Wan Chai)', 'Kau Kee', 'Pa Shih', 'Tai O']"
7228281616056012074,"['Hong Kong International Airport', 'Hong Kong Disneyland', 'Lantau Island']"
7228535411637783814,"['Cheung Hing Kee Shanghai Pan Fried Buns', 'Man Mo Temple', 'Lantau Island', 'Hong Kong Disneyland', 'Hong Kong International Airport', 'Halfway Coffee']"
7228582251682876715,"['Victoria Peak', 'Shek O Peak', 'Tai Mo Shan']"
7228763963326991658,"['Observation Wheel', 'Hong Kong International Airport', 'Tsing Ma Bridge']"
7228848621343526150,"['Monster Building', 'Tai Kwun', 'Choi Hung Estate', 'Dragon Centre']"
7228949842050043141,"['Hong Kong Disneyland', 'East Tsim Sha Tsui', 'Tsing Yi']"
7228967929440767250,"['Causeway Bay', 'Apt. Coffee Wanchai', 'Wan Chai Rd']"
7229144963005664539,"['Hong Kong Disneyland', 'The Peninsula']"
7229629795636759813,"['Hong Kong Disneyland', 'Monster Building', 'Lan Kwai Fong', 'Kwai Fong', 'Ngong Ping', 'Choi Hung Estate', 'Man Mo Temple']"
7229779946170748162,"['Ngong Ping', 'Australia Dairy Company']"
7229949152048909614,"['HSBC Building', 'Australia Dairy Company', 'Po Lin Monastery']"
7230027344373697798,"['K11 MUSEA', 'Hong Kong International Airport']"
7230331722691333381,"['Water World', 'Big Wave Bay', 'Ocean Park']"
7230374447314652422,"['Ngong Ping 360', 'SOGO', 'Observation Wheel']"
7230419091893308678,"['Hong Kong Disneyland', 'Tomorrowland', 'Toy Story Land']"
7230819490861255942,"['Observation Wheel', 'Museum of Art', 'Jordan', 'Central', 'The Peak Tram', 'Lan Kwai Fong', 'Lockhart Rd']"
7231069533514059051,"['Mak Man Kee Noodle Shop', 'Blue Bottle Coffee', 'The Monocle Shop', 'Yat Lok Restaurant']"
7231395769113201925,"['LOUIS VUITTON', 'Hong Kong International Airport']"
7231493749308738821,"[""St John's Cathedral"", 'Times Square', 'Central']"
7231520221096316166,"['Po Lin Monastery', 'Lantau Island', 'The Ritz-Carlton', 'LOUIS VUITTON', 'Tai Po', 'Repulse Bay']"
7231755858823138565,"['Hong Kong Disneyland', 'The Hong Kong Tourism Board Kowloon Visitor Centre']"
7231832776658406657,"['Bridal Tea House Hotel', 'Yau Ma Tei Station', 'Mong Kok']"
7231869888036392218,"['Hong Kong International Airport', 'The Hong Kong Tourism Board Kowloon Visitor Centre']"
7232204576798051610,"['Tsing Ma Bridge', 'Victoria Harbour', 'Avenue Of Stars', 'Hong Kong Disneyland', 'Central']"
7232880747693051138,"['Mong Kok Station', 'Chi Lin Nunnery', 'Diamond Hill Station', 'Po Lin Monastery', 'Tai O', 'Tung Chung Station', 'Tai O Inn']"
7233132725979598126,"['Hong Kong Disneyland', ""Disney's Hollywood Hotel""]"
7233292277827915014,"['Sky 100', 'Victoria Peak']"
7233390442170125570,"['Hong Kong International Airport', 'Central']"
7233394700126915846,"['Hong Kong Cultural Centre', 'Repulse Bay', 'Po Lin Monastery', 'Lantau Island', 'Ngong Ping', 'Tai Mo Shan', 'Tai O']"
7234434098842979589,"['Hong Kong International Airport', 'Hung Hom Station']"
7234436829733195013,"['Causeway Bay', 'Mini Hotel', 'Cordis', 'Kowloon Station']"
7234450285098421510,"['Hong Kong International Airport', 'Tsing Ma Bridge']"
7234530604610555142,"[""Mak's Noodle"", 'Hong Kong Macau Ferry Terminal']"
7234560136449133829,"['Hong Kong International Airport', 'Ocean Park', 'Po Lin Monastery', 'Ngong Ping 360', 'Hong Kong Disneyland']"
7235085488732818693,"['K11 MUSEA', 'Admiralty', 'Museum of Art', 'Tsim Sha Tsui Station']"
7235195274040249605,"['Hong Kong Disneyland', 'Adventureland']"
7235337491685838085,"['Mong Kok', ""Ladies' Market"", 'Choi Hung Estate', 'Nan Lian Garden', 'Temple Street Night Market', 'Lantau Island', 'Tai O', 'Langham Place', 'The Ritz-Carlton', 'Central', 'Victoria Harbour', 'Causeway Bay', 'Wan Chai', 'Victoria Peak', 'Repulse Bay']"
7235918325585333505,"['Lau Sum Kee Noodle', 'Hop Yik Tai', 'Kung Wo Beancurd Factory', 'Sun Heung Yuen', 'Fuk Wa Camera', 'Kwan Kee Store']"
7235942256685960453,"['K11 MUSEA', 'Avenue Of Stars', 'Regent']"
7236060019412962606,"['Hong Kong International Airport', 'Tsim Sha Tsui', 'The Peninsula', '1881 Heritage', 'Harbour City']"
7236384361799519494,"['Hong Kong Disneyland', 'Pacific Place', 'Hong Kong Cultural Centre', 'The FOREST', 'Hong Kong International Airport']"
7236514706054286598,"['Australia Dairy Company', 'Chung Hing St', 'The Peninsula', 'Hung Hom Pancake', 'Kai Kai Dessert', 'Tsim Chai Kee Noodle', 'Ho Lee Fook']"
7236614296266951942,"['Carnarvon Rd', 'iSQUARE', 'Hong Kong International Airport', 'Madame Tussauds', 'Tsuen Wan']"
7236660882015571201,"['Hong Kong Island', 'Kowloon', 'Victoria Harbour', 'The Peak Tram', 'Kennedy Rd', 'Victoria Peak']"
7238578221564873986,"['Victoria Peak', 'Yaumatei Tin Hau Temple']"
7238664242617011461,"['Hong Kong International Airport', 'Cheung Hing Kee Shanghai Pan Fried Buns', 'Victoria Harbour', 'Hong Kong Disneyland']"
7238934037077839130,"['Lantau Island', 'Tai O']"
7238956605759294725,"['Ngong Ping 360', 'Ngong Ping', 'Ngong Ping Village', 'Cable Car Discovery Centre']"
7239302249258913026,"['Hong Kong International Airport', 'Victoria Harbour', 'Victoria Peak', 'Lan Fong Yuen', 'Central', 'Lan Kwai Fong']"
7239704730727877930,"['Tsuen Wan', 'Tsing Ma Bridge']"
7239704903889849602,"['Ngong Ping', 'Victoria Peak', 'Ngong Ping Village', 'Tian Tan Buddha', 'Lantau Island', 'Wisdom Path', 'Tai Mo Shan', 'Po Lin Monastery']"
7240349202516118789,"['Hong Kong Macau Ferry Terminal', 'Hong Kong-Zhuhai-Macao Bridge', 'Victoria Harbour']"
7240454631145360683,"['The Peak Tower', 'Victoria Peak', 'Madame Tussauds']"
7240469846197275950,"['Tai O', 'Lamma Island']"
7240633084465483013,"['Tai Po', 'Lantau Island', 'Hong Kong-Zhuhai-Macao Bridge', 'Hong Kong Disneyland']"
7240702304666586410,"['Halfway Coffee', 'Coffee & Laundry', 'Joy Hing Roasted Meat', 'Temple Street Night Market']"
7240895292969602312,"['Tsing Yi', 'West Kowloon', 'Central', 'Kennedy Town Station', 'Hong Kong International Airport', 'AsiaWorld-Expo']"
7241130066007067931,"['Victoria Peak', 'Hong Kong International Airport', 'SkyCity Marriott Hotel', 'Central']"
7241591857233267973,"['Ngong Ping 360', 'Ngong Ping', 'Tian Tan Buddha', 'Mong Kok Night Market', 'Hong Kong-Zhuhai-Macao Bridge', 'Temple Street Night Market', 'Hong Kong Disneyland', 'Avenue Of Stars', 'Hong Kong International Airport']"
7241891339258957061,"['Hong Kong Space Museum', 'Hong Kong Science Museum']"
7241930881550535941,"['Lantau Island', 'Observation Wheel', 'Victoria Harbour', 'Hong Kong Disneyland', 'Hong Kong International Airport']"
7241940867215346946,"['Chungking Mansions', 'Clock Tower']"
7243057920219401478,"['Hong Kong International Airport', 'Choi Hung Estate', 'Tsim Sha Tsui', 'Hong Kong Disneyland', 'Ocean Park', 'K11 MUSEA']"
7243064060105723137,"['K11 MUSEA', 'Australia Dairy Company']"
7243251802068520238,"['Victoria Peak', 'The Peak Tower', 'Sky 100']"
7243382158491012353,"['Harbour Inn Cuisine', 'iSQUARE', 'Harbour City']"
7243397017450450182,"['Tsim Sha Tsui Station', 'K11 MUSEA', 'Man Mo Temple', 'Sha Tin Che Kung Temple', 'Bakehouse (Wan Chai)', ""Mak's Noodle"", 'Tsim Sha Tsui', 'Wong Tai Sin Station', 'Peel St', 'Sunny Bay Station', 'ifc mall', 'Wan Chai', 'M+', 'Yung Kee Restaurant', 'Mong Kok Station', 'Sneakers Street', 'Hong Kong International Airport']"
7244209918935354630,"['Hong Kong International Airport', 'Hong Kong Disneyland', 'Ngong Ping 360']"
7244317868760976686,"['Yat Lok Restaurant', 'Fu Wah Café']"
7244450518729329926,"['Hong Kong Disneyland', 'Ocean Park']"
7244544031496178951,"['Hong Kong International Airport', 'Citygate Outlets', 'Tian Tan Buddha', 'Lantau Island', 'Yip Fung Building', 'Sushi Raku', 'New Praya']"
7244901992030539013,"['Mong Kok', ""Ladies' Market"", 'Sneakers Street', 'Fa Yuen Street Market']"
7245479970473184518,"['Hong Kong International Airport', 'Hong Kong Park', 'Langham Place', 'Hong Kong Disneyland']"
7246335909547756806,"['Victoria Harbour', 'Avenue Of Stars', 'K11 MUSEA']"
7246624889984027911,"['Hong Kong International Airport', 'Tsing Yi Station', 'Kowloon Station', 'AsiaWorld-Expo']"
7246787741210447110,"['Wan Chai', 'Tsim Sha Tsui', 'Central', 'Sheung Wan']"
7246819487004003590,"['Mong Kok', 'Ngong Ping 360', 'Hong Kong Disneyland', 'Po Lin Monastery', 'Temple St', 'Tian Tan Buddha', 'Ocean Park']"
7247361396487310597,"['Hong Kong International Airport', 'Hong Kong Disneyland']"
7247502481779952897,"['Hotel ICON', 'Tsim Sha Tsui']"
7247813287344114946,"['Hong Kong International Airport', 'Mong Kok East', 'Waso Café', 'Ngong Ping', 'Tai O', 'Victoria Harbour', 'Hong Kong Disneyland', 'Toy Story Land', 'The Peak Tram', 'Mong Kok Station']"
7248504302782745861,"['Tsing Ma Bridge', 'The Peak Tram', 'Victoria Peak', 'Madame Tussauds', 'Mong Kok', 'Victoria Harbour', 'Hong Kong Disneyland']"
7249189046285651205,"['Regal Hongkong Hotel', 'SOGO']"
7249214015879105793,"['Hong Kong Island', 'Causeway Bay', 'Central', 'Hong Kong Park', 'The Peak Tram', 'Sky 100', 'The Peak Tower', 'Victoria Peak', 'Pacific Place']"
7249938603713973509,"['Johnston Rd', 'Tai Yuen St']"
7251228485937614107,"['Lantau Island', 'Tian Tan Buddha', 'Tai Po', 'Tai Mo Shan', 'Po Lin Monastery', 'The Peak Tram', 'Yuen Ching Kok (Wong Tai Sin)', 'Tai Kok Tsui', 'Hong Kong International Airport']"
7251260199099452678,"['Hong Kong Disneyland', 'Ngong Ping', 'Ocean Park']"
7251424474413698309,"['K11 MUSEA', 'Bakehouse (Wan Chai)', 'Bee Cheng Hiang']"
7251752914459446571,"['Hong Kong Disneyland', 'Tomorrowland', 'Adventureland']"
7251984465638018309,"['Ocean Park', 'Old Hong Kong', 'Hong Kong Disneyland']"
7252312542532439302,"['Hong Kong International Airport', 'Tsim Sha Tsui']"
7252312858074057989,"['The Peak Tower', 'Central', 'Tsim Sha Tsui', 'Lantau Island', 'Mong Kok', 'Choi Hung Estate']"
7252536289843481864,"['Ocean Park', 'Hong Kong Disneyland', 'Hong Kong International Airport']"
7252669014441299242,"['Choi Hung Estate', 'Nan Lian Garden', 'Chi Lin Nunnery', 'Temple Street Night Market', 'Hong Kong Disneyland', 'The Peak Tram', 'Madame Tussauds', 'Clock Tower', 'Victoria Harbour']"
7252701262209125637,"['Macdonnell Rd', 'Queensway', 'Two MacDonnell Road', 'Robinson Rd', 'The Peak Tram']"
7252780023495675178,"['The Ritz-Carlton', 'OZONE']"
7253109406273932549,"['The Peak Tram', 'Hong Kong Museum of History']"
7253201767817645355,"['Mong Kok', 'Shau Kei Wan']"
7253712480432606470,"['Hong Kong International Airport', 'Hong Kong Disneyland']"
7253762395082902790,"['Hong Kong International Airport', 'The Peninsula']"
7254086850321632518,"['Tung Chung Kitchen', ""Mak's Noodle"", 'Victoria Harbour']"
7254142428179942674,"['Hong Kong International Airport', 'Hong Kong Disneyland']"
7254437735098813702,"['Central', 'Pacific Place', 'Victoria Harbour']"
7254567749576314139,"['Hong Kong Disneyland', 'Kowloon Park', 'Tian Tan Buddha', 'Cheung Chau']"
7254857606622137605,"['Sunny Bay Station', 'Hong Kong International Airport']"
7254969490998316289,"['Hong Kong Disneyland', 'Hong Kong International Airport']"
7255238894495534363,"['Ngong Ping', 'Tian Tan Buddha', 'Ngong Ping 360', 'Ngong Ping Village', 'Lantau Island']"
7255239403193322778,"['Lantau Island', 'Tian Tan Buddha']"
7255504128615419142,"['Hong Kong International Airport', 'Hong Kong Disneyland']"
7255631637709327621,"['Hong Kong International Airport', 'The Peak Tram', 'SOGO']"
7255878254140214534,"['Tsuen Wan', 'New Town Plaza', 'Tsing Ma Bridge']"
7255928389171678466,"['Causeway Bay', 'Kam Fung Restaurant', 'Wan Chai', 'Lan Kwai Fong', 'Ho Lee Fook', 'Min Jun Cart Noodles', 'Mon Kee Café', 'The Peak Tram', 'Victoria Peak', 'Avenue Of Stars', 'K11 MUSEA', 'PMQ', ""Ladies' Market""]"
7256008750820265262,"['Sun Hing Restaurant', 'West Kowloon']"
7256044256156978438,"['Central', 'Tsim Sha Tsui', 'Wan Chai']"
7256236520665795867,"['Victoria Peak', 'Hong Kong Museum of History']"
7256726242433568002,"['Hong Kong International Airport', 'Tsing Yi Station', 'Hong Kong Disneyland', 'Kowloon Station', 'Hong Kong Station', 'Hong Kong Island']"
7256955299268119814,"['Ngong Ping 360', 'Ngong Ping', 'Lantau Island', 'Tian Tan Buddha', 'Rainbow Stairs']"
7257145121634880774,"['Citygate Outlets', 'Hong Kong Disneyland']"
7257808269513657605,"['Hong Kong International Airport', 'Tsim Sha Tsui', 'Ngong Ping', 'The Peak Tram', 'Hong Kong Disneyland', 'Tian Tan Buddha']"
7258160947934563627,"['Central', 'Omotesando Koffee', 'SHARI SHARI Kakigori House']"
7258278462786407685,"['Victoria Peak', 'Hong Kong Disneyland', 'Victoria Harbour', 'Lantau Island', 'Temple Street Night Market']"
7258511016349224198,"['Tsim Sha Tsui', 'Haiphong Road Temporary Market', 'Kowloon Park']"
7258885366587886853,"['Chungking Mansions', 'The Peninsula', 'Kai Kai Dessert', 'Central', 'Hong Kong Palace Museum']"
7258902324834209066,"['Victoria Park', 'Victoria Harbour']"
7258956964665789702,"['Victoria Peak', 'Observation Wheel', 'The Peninsula', 'Lamma Island']"
7259132792162864390,"['Hong Kong International Airport', 'Hong Kong Disneyland']"
7259366252659985669,"['Avenue Of Stars', 'Tsim Sha Tsui', 'Nan Lian Garden', 'Chi Lin Nunnery', ""St John's Cathedral"", 'Hong Kong Island', 'Central-Mid-Levels Escalators', 'Langham Place', 'The Peninsula']"
7259415561963048238,"['Hong Kong Disneyland', 'Hong Kong International Airport']"
7259743502014172422,"['Tsim Sha Tsui', 'Hong Kong International Airport']"
7260427991853845765,"['Disney Explorers Lodge', 'Hong Kong Disneyland', ""Disney's Hollywood Hotel"", 'Dragon Wind']"
7260452545292684549,"['Hong Kong International Airport', 'Central', 'Nathan Hotel', 'Tai O']"
7260810514400431368,"['Hong Kong Disneyland', 'Victoria Harbour', 'Tsuen Wan', 'Tsim Sha Tsui', 'Yau Ma Tei', 'Nathan Rd', 'Happy Valley Racecourse', 'Hong Kong Island', 'Wan Chai']"
7261155657947073797,"['Hong Kong Disneyland', 'Hong Kong International Airport']"
7261476517358652677,"['The Peak Tram', 'Central', 'Victoria Peak']"
7261889461104020741,"['Victoria Dockside', 'Victoria Harbour']"
7261949648636513542,"['Hong Kong Disneyland', 'Tomorrowland', 'Toy Story Land']"
7261960276931579141,"['Ngong Ping 360', 'Lantau Island', 'Po Lin Monastery', 'Tai Mo Shan', 'Hong Kong Disneyland', 'Nan Lian Garden', 'The Peak Tram']"
7262007422078684422,"['The Peak Tram', 'Victoria Peak']"
7262185322795076906,"['Victoria Peak', 'The Peak Tram']"
7262195781510139182,"['The Peak Tram', 'Victoria Peak']"
7263037614385581318,"['Hong Kong Disneyland', 'Ocean Park', 'Lantau Island', 'Tsz Shan Monastery']"
7263121607588072710,"['Tsim Sha Tsui', 'Lan Fong Yuen', 'Lan Kwai Fong', 'Shanghai St']"
7263416935780601090,"['Hong Kong International Airport', 'Victoria Harbour', 'Victoria Peak']"
7263470356109856005,"['Museum of Art', 'Central-Mid-Levels Escalators', 'Hollywood Rd', 'Man Mo Temple', 'Victoria Peak']"
7263509330442456326,"['Hong Kong International Airport', 'Hong Kong Disneyland']"
7263742259970067717,"['Hong Kong International Airport', 'Tsim Sha Tsui', 'Central']"
7264015922334158126,"['The Harbourview', 'The Emperor Hotel', 'Stanford Hillview Hotel']"
7264086024370916614,"['Hong Kong International Airport', 'Tung Chung', 'Po Lin Monastery', 'Tian Tan Buddha', 'Lantau Island', 'Tai Po', 'Regal Oriental Hotel']"
7264436346742263046,"['Ngong Ping 360', 'Tai Tam Reservoir', 'Tian Tan Buddha', 'Ngong Ping Village', 'Lantau Island']"
7264605674389179650,"['Hysan Place', 'Central Ferry Pier']"
7264754988344200453,"['Ngong Ping Village', 'Nan Lian Garden', 'Tsz Shan Monastery', 'Tai Po']"
7264786651291979014,"['Ngong Ping Village', 'Tian Tan Buddha', 'Lantau Island', 'Ngong Ping', 'Po Lin Monastery']"
7264824353882148102,"['Tai On Coffee & Tea Shop', 'The Peninsula', 'Central']"
7265008571132153093,"['Hong Kong Disneyland', 'Nan Lian Garden', 'Museum of Art', 'The Peak Tower', 'Mong Kok Night Market', 'Kowloon Park', 'Ocean Park', 'Ngong Ping 360', 'Po Lin Monastery', 'Tian Tan Buddha']"
7265336273106128134,"['Sky 100', 'Ngong Ping 360', 'Ngong Ping', 'Lantau Island', 'Ngong Ping Village', 'Po Lin Monastery', 'Tian Tan Buddha', 'Observation Wheel', 'The Peak Tram', 'Hong Kong Railway Museum', 'Victoria Peak']"
7265579875413576967,"['Sai Wan', 'Sai Ying Pun']"
7266425169420324101,"['Hong Kong International Airport', 'Sunny Bay Station', 'Hong Kong Disneyland']"
7266478938606636294,"['Ngong Ping', 'Tung Chung Station', 'Ngong Ping Cable Car Station', 'Lantau Peak', 'Tian Tan Buddha', 'Po Lin Monastery', 'Lantau Island', 'Tai O', 'Hong Kong-Zhuhai-Macao Bridge', 'Tsing Ma Bridge']"
7267102010959351041,"['Hong Kong Island', 'Wan Chai', '208 Johnston Road', 'Admiralty', 'Lippo Centre']"
7267216817427418374,"['Victoria Peak', 'The Peak Tram']"
7267394274675723525,"['Tung Chung Station', 'Citygate Outlets']"
7267907188331449606,"['Tsz Wan Shan', 'Wong Tai Sin Temple', 'Tai Po']"
7268040968388087046,"['Ngong Ping 360', 'Po Lin Monastery', 'Ngong Ping', 'Ngong Ping Village', 'Tian Tan Buddha', 'Hong Kong Disneyland', 'Lantau Island', 'Ping Shan', 'Hong Kong-Zhuhai-Macao Bridge', 'Hong Kong International Airport']"
7268425223417105710,"['Fo Tan', 'Sha Tin', 'Tsz Wan Shan']"
7268436873574468870,"['Blue Bottle Coffee', 'Halfway Coffee (Mong Kok)', '堅強貿易行']"
7268535705977031941,"['ifc mall', 'Lamma Island', 'Hong Kong Cultural Centre', 'Museum of Art', 'Central', 'Hong Kong Disneyland']"
7268683289307696415,"['Ngong Ping', 'Ngong Ping Village', 'Tian Tan Buddha', 'Po Lin Monastery', 'Lantau Island', 'Temple Street Night Market']"
7268703891376573728,"['Central', 'Law Fu Kee', 'Cheung Hing Kee Shanghai Pan Fried Buns']"
7268868666626723077,"['Underpass Restaurant & Bar', 'SOGO']"
7268957779795152133,"['The Peninsula', 'Observation Wheel']"
7269717719107259654,"['Ngong Ping 360', 'Ngong Ping Village', 'Po Lin Monastery']"
7270150675743476997,"['Hong Kong International Airport', 'Hong Kong Disneyland']"
7270200400043658501,"['Nathan Rd', 'Chungking Mansions', 'Stone Nullah Ln', 'Kwun Tong']"
7270430880659721478,"['Hong Kong International Airport', 'Hong Kong Disneyland', 'Ocean Park', 'Old Hong Kong', 'Ngong Ping']"
7270581457255550213,"['Hong Kong International Airport', 'Tsim Sha Tsui', '阿四快餐', 'Wanchai House']"
7270760320145132805,"['Causeway Bay', 'Ngong Ping 360', 'Old Hong Kong']"
7271194163557715205,"['Chai Wan Park', 'Chai Wan', 'Hong Kong Park', 'Model Boat Pool', 'HKUGA Primary School', 'Chai Wan Station', 'Fortress Hill']"
7271253847853616389,"['Hong Kong Park', 'Chai Wan Park', 'Chai Wan']"
7271308462947060997,"['Kwai Fong', ""Noah's Ark Hotel and Resort""]"
7271490876935884038,"['Tai O', 'Ngong Ping 360', 'Hong Kong International Airport', 'Kowloon', 'Sky 100', 'Tian Tan Buddha']"
7271688137846410502,"['Stone Nullah Ln', 'Mira Place', 'DON DON DONKI', 'Hong Kong International Airport']"
7271780757570440454,"['Ocean Park', 'Victoria Peak', 'Ngong Ping 360', 'Old Hong Kong']"
7271780884779371818,"['New Territories', 'Wah Fat Industrial Building']"
7271792111337360646,"['Hong Kong-Zhuhai-Macao Bridge', 'Central', 'Hong Kong Disneyland']"
7271849709663161606,"['North Point', 'Lantau Island']"
7271879186833263877,"['Temple St', 'Hong Kong Disneyland', 'Tsuen Wan']"
7271969275001212165,"['Tsuen Wan Station', 'Tsim Sha Tsui', 'Nathan Rd', 'Hong Kong Science Museum', 'Hong Kong Cultural Centre', 'Clock Tower', 'Victoria Harbour', 'K11 MUSEA', 'Wong Tai Sin', 'Wong Tai Sin Station', 'Wong Tai Sin Plaza', 'Sha Tin Che Kung Temple', 'Hong Kong Disneyland', 'Adventureland', 'Kowloon', 'Hong Kong International Airport']"
7272449694796713218,"['Hong Kong International Airport', 'Chungking Mansions', 'Victoria Harbour', 'Temple Street Night Market', 'Nathan Rd', 'Jordan Station', 'Victoria Park', 'Kowloon Park', 'Temple St', 'Kowloon Station', 'M+', 'West Kowloon Art Park', 'Hong Kong Cultural Centre']"
7272689859607792902,"['Hong Kong International Airport', 'Central']"
7272718197999127814,"['Diamond Hill', 'Chi Lin Nunnery', 'Choi Hung Estate']"
7272758185369341190,"['Tsim Sha Tsui', 'Observation Wheel']"
7272907164052720902,"['Victoria Peak', 'New Praya']"
7273214765256740101,"['Nan Lian Garden', 'Diamond Hill', 'Victoria Harbour', 'Observation Wheel']"
7273380316553727237,"['Observation Wheel', 'Central', ""St John's Cathedral""]"
7273475857581198597,"['Hong Kong International Airport', 'iSQUARE', 'Victoria Peak', 'Sky 100', 'Hong Kong Disneyland', 'Tsing Ma Bridge', 'Ngong Ping', 'Lantau Island', 'Tai Po', 'Lantau Peak']"
7273510900861111584,"['ifc mall', 'Bacha Coffee']"
7273759638032583941,"['Causeway Bay', 'Central', 'Forbidden Duck', 'Hysan Place', 'Times Square', 'SOGO']"
7273857126311808262,"['Hong Kong Disneyland', 'Lantau Island', 'iSQUARE']"
7274047458093649157,"['Victoria Peak', 'Hong Kong International Airport', 'Central', 'The Peak Tram', 'Wan Chai', 'Villepin', 'Hollywood Rd', 'Shelley St']"
7274077463733456135,"['Central Ferry Pier', 'Tsim Sha Tsui']"
7274227641928944897,"['Hong Kong International Airport', 'Observation Wheel', 'Hong Kong Disneyland', 'LEGOLAND Discovery Centre']"
7274246623507647746,"['Harbour Plaza Resort City', 'Hong Kong International Airport']"
7274438809192828165,"['Tai O', 'Tung Chung']"
7274547291086671105,"['Po Lin Monastery', 'Lantau Island', 'Ngong Ping', 'Tian Tan Buddha', 'Tai O', 'Oi Man Sang']"
7275059264899632385,"['Lantau Island', 'Hong Kong Disneyland']"
7275066043326860576,"['Ngong Ping', 'Lantau Island', 'Chi Lin Nunnery']"
7275329812615417096,"['Mong Kok', ""Ladies' Market"", 'Sneakers Street', 'Fa Yuen Street Market']"
7275406378255109381,"['The Ritz-Carlton', 'Victoria Peak']"
7275680429410159877,"['Tai Mo Shan', 'Hong Kong Disneyland']"
7276033649957408033,"['Whampoa', 'Temple St']"
7276441176134225185,"['The Peninsula', 'The Hong Kong Tourism Board Kowloon Visitor Centre', 'Hong Kong Disneyland', 'Felix']"
7276607987156815109,"['Hong Kong Disneyland', 'Lantau Island']"
7276717745994091782,"[""Kam's Roast Goose"", 'Hysan Place', 'Ho Hung Kee', 'Forbidden Duck']"
7276841239087942913,"['Cross Harbour Tunl', 'Golden Bauhinia Square', 'Ocean Park', 'Ocean Theatre', 'Victoria Harbour', 'Wong Tai Sin Temple', 'Avenue Of Stars', 'Hong Kong-Zhuhai-Macao Bridge']"
7277005406776413446,"['Hong Kong Disneyland', 'iSQUARE']"
7277022044250803463,"['New Praya', 'Hong Kong Disneyland', 'Lan Fong Yuen']"
7277162296659463430,"['Hong Kong Cultural Centre', 'Victoria Harbour']"
7277632778429107502,"['Victoria Peak', ""Dragon's Back"", 'Tai O', 'Tai Mo Shan']"
7277792656082619649,"['Hong Kong International Airport', 'Cordis']"
7277912604440399110,"['Hong Kong International Airport', 'Central']"
7278002205981003009,"['Tsim Sha Tsui', 'Nathan Rd']"
7278262084566043906,"['Victoria Peak', 'The Peak Tram', 'Hong Kong Disneyland', 'Yau Ma Tei', 'Hing Kee Restaurant', 'Temple St', 'Choi Hung Estate', 'Tsim Sha Tsui', 'Causeway Bay', 'Lai King']"
7278635916158176518,"['Ocean Park', 'Ngong Ping', 'Hong Kong Disneyland']"
7279045229745900806,"['Shau Kei Wan', ""Dragon's Back"", 'Tai Tam Gap']"
7279077018904333573,"['Hong Kong International Airport', 'Ocean Park', 'Hong Kong Disneyland', 'Hong Kong-Zhuhai-Macao Bridge', 'Central']"
7279263091018272006,"['The Peak Tram', 'Prince Edward', 'Yoshinoya', 'Sky 100']"
7279600593990126853,"['Cheung Chau', 'Grand Plaza']"
7279688917593492742,"['Sheung Wan', 'Upper Lascar Row', 'Man Mo Temple', 'Tai Ping Shan']"
7279705490249043205,"['Hong Kong Disneyland', 'Hong Kong International Airport']"
7279751501017353478,"['Ngong Ping 360', 'Tung Chung']"
7280136976978742533,"['Hong Kong Disneyland', 'Lantau Island', 'Hong Kong International Airport']"
7280267227088031009,"['Observation Wheel', 'Eaton HK']"
7280411068327906565,"['LOUIS VUITTON', 'Observation Wheel', 'Hong Kong Disneyland', 'Man Mo Temple']"
7280509513575173381,"['The Peak Tower', 'Victoria Peak']"
7280599764482133281,"['The Peak Tram', 'Temple St', 'Wellington St']"
7281083458770816257,"['Lantau Island', 'Tian Tan Buddha']"
7281298931319950610,"['ICHIRAN', 'SOGO', 'Central']"
7281320248945413384,"['K11 ARTMALL', 'Victoria Harbour', 'Hong Kong Island', 'K11 MUSEA', 'The Peninsula']"
7281543503883160837,"['Victoria Harbour', 'East Tsim Sha Tsui', 'DON DON DONKI ']"
7281553214799875333,"['Braemar Hill Rd', 'Tin Hau Station', 'Tin Hau']"
7281571564791827717,"['Hong Kong International Airport', 'Hollywood Rd', 'Yue Po Chai Antique Co.', 'Shau Kei Wan', 'The Helena May']"
7281652553039891713,"['Tai Kwun', 'Choi Hung Estate', 'Monster Building', 'Lan Fong Yuen']"
7281964133065444613,"['Causeway Bay', 'Hong Kong Cultural Centre']"
7282004178501782789,"['Ngong Ping 360', 'Ngong Ping', 'Hong Kong-Zhuhai-Macao Bridge', 'Ngong Ping Village', 'Lantau Island']"
7282219275086007557,"['Yue Po Chai Antique Co.', 'Hollywood Rd']"
7282275374027853061,"['Hollywood Rd', 'Little Bao', 'Yung Shue Wan', 'Hong Kong Macau Ferry Terminal', 'Pichic Bay']"
7282285837327305989,"['Victoria Peak', 'The Peak Tram', 'The Peak Tower', ""St John's Cathedral"", 'Hang Lung House']"
7282314946875067653,"['Happy Valley Racecourse', 'Shau Kei Wan Terminus', 'Hong Kong Island', 'Kennedy Town', 'Chai Wan Station', 'Shau Kei Wan', 'Sha Tin', 'Sha Tin Station']"
7282381523372838151,"['Victoria Peak', 'Hong Kong Island', 'Lan Kwai Fong', 'Hong Kong Disneyland', 'Hong Kong Palace Museum', 'Museum of Art']"
7282392734776708395,"['Shangri-La', 'Kam Wah Cafe & Cake Shop', 'K11 ARTMALL', ""Mak's Noodle"", 'Ho Lee Fook']"
7282439966657875205,"['Shau Kei Wan', 'Happy Valley Racecourse', 'Kennedy Town', 'Wong Chuk Hang', 'Yip Kan St', 'Shau Kei Wan Terminus', 'Hong Kong Island']"
7282550692634447109,"['Sun Yat Sen Memorial Park', 'Victoria Harbour']"
7282552243012898054,"['Arte M', 'Sai Ying Pun Station', 'Chai Wan']"
7282787081317928194,"['Hong Kong Cultural Centre', 'Victoria Harbour', 'Clock Tower', 'Hong Kong International Airport']"
7282881979568229638,"['Hong Kong International Airport', 'Hung Hom Station', 'Dim Dim Sum', 'Mong Kok', 'Tsim Sha Tsui', 'Hong Kong Science Museum', 'Cheung Hing Kee Shanghai Pan Fried Buns', 'DON DON DONKI', 'Chungking Mansions', 'Elegant Tang Dynasty', 'West Kowloon', 'Tsuen Wan', 'Hong Kong-Zhuhai-Macao Bridge', 'Sunny Bay Station', 'Victoria Harbour', 'Lantau Island', 'Tsing Ma Bridge', 'Tai O', 'Hong Kong Disneyland', 'Adventureland']"
7283083468089675013,"['Cross Harbour Tunl', 'Observation Wheel', 'Tsim Sha Tsui', 'Causeway Bay']"
7284228808977157408,"['Victoria Peak', 'The Peak Tram']"
7284943005172108550,"['Wycombe Abbey School', 'Hong Kong International Airport']"
7285322171860225285,"['Tai Mo Shan', 'Ngong Ping 360', 'Ngong Ping Village', 'Ngong Ping', 'Po Lin Monastery', 'K11 MUSEA', 'Mong Kok', 'Hong Kong Disneyland', 'Tai Po', 'Nan Lian Garden', 'Chi Lin Nunnery', 'Victoria Peak', 'Avenue Of Stars']"
7285384679857966369,"['Little Cove Espresso', 'Lung Dim Sum']"
7286449328896478470,"['Hong Kong-Zhuhai-Macao Bridge', 'Victoria Harbour', 'HZMB Hong Kong Port', 'Sunny Bay Station']"
7286488208618081542,"['North Point', 'M1 Hotel']"
7286504483872410888,"['Tsim Sha Tsui', 'Central Market', 'Hong Kong Disneyland']"
7286840816557968645,"['東豪肉食公司', 'Luen Tai Building']"
7287424561145007365,"['Gage St', 'Fa Yuen St', 'Tsim Sha Tsui', 'Lan Fong Yuen']"
7287772174440582446,"['Victoria Peak', 'Victoria Harbour']"
7287936370654317826,"['Chi Lin Nunnery', 'Po Lin Monastery']"
7288092967141641515,"['Hong Kong International Airport', 'Harbour Grand']"
7288105160377748742,"['Victoria Harbour', 'Tai Po', 'Victoria Peak']"
7288715086347144449,"['Hong Kong Disneyland', 'Kennedy Town', 'Yau Ma Tei Station']"
7288764617889762562,"['Mira Place', 'Nathan Rd', 'Happy Valley Racecourse']"
7289056357330849025,"['Nan Lian Garden', 'Po Lin Monastery']"
7289760849089039621,"['Ocean Park', 'Hong Kong Disneyland']"
7290024480405998853,"['Mak Man Kee Noodle Shop', 'Australia Dairy Company', 'Kam Wah Cafe & Cake Shop', 'Yat Lok Restaurant']"
7290135304944618757,"['Hong Kong Disneyland', 'The Hong Kong Tourism Board Kowloon Visitor Centre', 'Sheraton Hong Kong Tung Chung Hotel', 'Monopoly Dreams']"
7290170691360394498,"['Ngong Ping', 'Ngong Ping 360', 'Lantau Island', 'Tai O', 'Hong Kong-Zhuhai-Macao Bridge']"
7290487985273834758,"['Ngong Ping 360', 'Ngong Ping']"
7290702475848387846,"['Hong Kong International Airport', 'Hong Kong Disneyland']"
7290770741753040134,"['Hong Kong Island', 'Shau Kei Wan', 'Chai Wan Rd', 'Sun Sing St']"
7290772967649234182,"['Sun Sing St', 'Happy Valley Racecourse']"
7291237332177456389,"['Central', 'West Kowloon Cultural District', 'Central Station']"
7291275140766240005,"['Hong Kong Disneyland', 'Hong Kong International Airport', 'Ngong Ping 360', 'Ngong Ping']"
7291867898383961349,"['Hong Kong International Airport', 'Hong Kong Disneyland', 'Sunny Bay Station', 'Ocean Park']"
7292073347599387910,"['Hong Kong Disneyland', 'Tai Po', 'Victoria Peak', 'Victoria Harbour']"
7292294754480524550,"['Hong Kong International Airport', 'Prince Edward', 'Avenue Of Stars', 'Tsim Sha Tsui', 'Harbour City', 'Museum of Art']"
7292429118547725574,"['Causeway Bay', 'Yun Ping Rd', 'Happy Valley Racecourse', 'C Dessert']"
7292501853181365509,"['Hong Kong Disneyland', 'Tomorrowland']"
7292505876726959366,"['New Five Dragon Congee & Noodle Restaurant', 'My Cup of Tea', 'Bakehouse (Wan Chai)', 'Sky 100', 'Victoria Peak', 'Tsim Chai Kee Noodle', 'Halfway Coffee']"
7292601723099598085,"['Observation Wheel', 'Cheung Chau', 'New Baccarat Seafood Restaurant', 'Cheung Chau Corner', 'Central Ferry Pier', 'Hong Kong Macau Ferry Terminal']"
7293155881448000774,"['Hong Kong Disneyland', 'Mong Kok']"
7293373078933982469,"['Sunny Bay Station', 'Hong Kong Disneyland']"
7293470428289305857,"['Bakehouse (Wan Chai)', 'Choi Hung Estate', 'Arte M', 'West Kowloon Art Park', 'M+', 'Yat Lok Restaurant', 'Victoria Peak', 'The Peak Tower']"
7293654102024817926,"['Lin Heung Kui', 'Sham Shui Po', 'Hak Dei', 'Kwan Kee Claypot Rice']"
7293703550377495826,"['Po Toi', 'Tai O', 'Lamma Island', 'Tai Mo Shan', 'Lantau Island']"
7294074353287712006,"['Ocean Park', 'Hong Kong Disneyland', 'Ngong Ping']"
7294086058617113862,"['Nathan Rd', 'Austin Station', 'Peng Chau', 'Ngong Ping Village', 'Ngong Ping', 'Lantau Island', 'Tian Tan Buddha', 'Ngong Ping 360', 'Citygate Outlets']"
7294090393396710661,"['SHARI SHARI Kakigori House', 'LAB ZERÕ', 'After You Dessert Café', 'Hyatt Centric', 'Fook Yuen']"
7294316058201033990,"['Hong Kong International Airport', 'Hong Kong Disneyland']"
7294339946977053985,"['Hong Kong Disneyland', 'Tsing Ma Bridge', ""Disney's Hollywood Hotel"", 'Toy Story Land']"
7294429854554918174,"['Victoria Peak', 'Avenue Of Stars', 'Hong Kong Disneyland', 'Temple Street Night Market', 'Tian Tan Buddha', 'Ngong Ping 360', 'Wong Tai Sin Temple', 'Ocean Park', 'Man Mo Temple', 'Victoria Harbour', 'Hong Kong Park', 'Hong Kong Science Museum']"
7294570846239132933,"['Tsim Sha Tsui', 'Tsim Sha Tsui Station', 'Tsuen Wan West Station', 'Hong Kong International Airport', 'AsiaWorld-Expo']"
7294681044433833222,"['Quarry Bay Station', 'K11 MUSEA', 'Sky 100', 'The Ritz-Carlton', 'Lan Kwai Fong', ""Mak's Noodle""]"
7295159175259098410,"['Hong Kong International Airport', 'Tsing Yi']"
7295262356609748230,"['Hong Kong International Airport', 'The Hong Kong Tourism Board Kowloon Visitor Centre', 'Tsim Sha Tsui', 'The Peninsula', 'Victoria Harbour']"
7295300991400840481,"['Man Mo Temple', 'Victoria Peak', 'Victoria Harbour']"
7296689343668751621,"['Hong Kong International Airport', 'Hong Kong Disneyland', 'Ngong Ping', 'Victoria Peak', 'Harbour City', 'Tai Tam Reservoir', 'Central', 'Causeway Bay']"
7296831088524086529,"[""Cape D'Aguilar"", 'Tai O']"
7297433019361545478,"['Nan Lian Garden', 'Chi Lin Nunnery', 'Man Mo Temple', 'Hong Kong Park', 'Tung Chung']"
7298099242407595310,"['Hong Kong Macau Ferry Terminal', 'Kowloon', 'Hong Kong Island']"
7298177588474776862,"['Yaumatei Tin Hau Temple', 'Po Lin Monastery']"
7298446166704835872,"['The Peninsula', 'Victoria Harbour', 'Museum of Art', 'The Ritz-Carlton', 'Felix']"
7299064227552070918,"['Victoria Peak', 'Sky 100']"
7299268813084806406,"['Victoria Harbour', 'Regent', 'Hong Kong Convention and Exhibition Centre', 'Central']"
7299488712709229829,"['Hong Kong Disneyland', 'Lantau Island']"
7299636456769834246,"['Hong Kong Observation Wheel', 'Victoria Peak', 'Observation Wheel', 'Madame Tussauds', 'Central', 'Tsim Sha Tsui']"
7299669938732567814,"['Hong Kong Disneyland', 'Victoria Harbour', 'Hong Kong International Airport']"
7299786329120853266,"['Hong Kong Disneyland', 'Wan Chai', 'Central', 'Sky 100']"
7299789833961049345,"['Victoria Peak', 'Central', 'The Peak Tram']"
7299859764723469574,"['Hong Kong Disneyland', 'Mystic Manor']"
7300141998600768770,"['Temple Street Night Market', 'Lantau Island', 'Yat Lok Restaurant', 'Hong Kong Disneyland']"
7300150040767630598,"['Central', 'Mong Kok Station']"
7300283216731081985,"['Australia Dairy Company', 'Jordan Station', 'Mong Kok Station', 'Avenue Of Stars', 'K11 ARTMALL', 'Harbour City', ""Mak's Noodle"", 'Tsim Sha Tsui Station', 'HeSheEat', 'Cheung Chau', 'Monopoly Dreams', 'Admiralty Station', 'Yat Lok Restaurant', 'Lan Fong Yuen', 'The Peak Tram', 'Victoria Peak', 'Kam Wah Cafe & Cake Shop', 'Hong Kong International Airport', 'Victoria Harbour']"
7300631493808868610,"['Causeway Bay', 'The Peak Tower']"
7300831853051776261,"['The Peak Tram', 'Victoria Peak']"
7300900729710071045,"['Victoria Harbour', 'Grand Plaza']"
7300922767367572741,"['World of Frozen', 'Hong Kong Disneyland', 'Golden Crocus Inn']"
7300961509553868065,"['Victoria Peak', 'The Peak Tram']"
7300980042467675393,"['Hong Kong International Airport', 'Hotel ICON']"
7301227587811036422,"['Hong Kong Disneyland', 'Hong Kong International Airport', 'Panda Hotel', 'Tsim Sha Tsui', 'Hong Kong Cultural Centre', 'Lai King', 'Victoria Harbour']"
7301339503212498181,"['The Hong Kong Tourism Board Kowloon Visitor Centre', 'Hong Kong International Airport', 'M+', 'Victoria Harbour', 'Hong Kong Disneyland', 'Tsim Sha Tsui', 'Mong Kok', 'Central']"
7301370594929446145,"['Hong Kong International Airport', 'Victoria Peak', 'Macdonnell Rd', 'Hong Kong Disneyland', 'Lantau Island', 'Ngong Ping Village', 'Tian Tan Buddha']"
7301617405753609478,"['Hong Kong Disneyland', 'Hong Kong Cultural Centre', 'Victoria Harbour', 'M+', 'Hong Kong International Airport']"
7301630847763909889,"['Tuen Mun', 'Bakehouse (Wan Chai)']"
7301843459281866015,"['Nan Lian Garden', 'Po Lin Monastery', 'Tian Tan Buddha', 'Lantau Island', 'Tai O', ""Dragon's Back"", 'Ten Thousand Buddhas Monastery']"
7302317080072817925,"['Hong Kong Disneyland', 'Po Lin Monastery', 'The Peak Tram', 'Hong Kong International Airport', 'Ngong Ping 360']"
7302467204770057515,"['Tsing Ma Bridge', 'Victoria Peak']"
7302702044232682758,"['Hong Kong Disneyland', 'Hong Kong International Airport']"
7302868288021761313,"['Tsim Sha Tsui', 'Victoria Harbour', 'Observation Wheel', 'Central']"
7303103891401346310,"['Hong Kong Disneyland', 'Victoria Harbour', 'Hong Kong Cultural Centre', 'Hong Kong Science Museum', 'Tai Wo Hau Station', 'Lai King']"
7303175078701845802,"['Victoria Peak', 'Lantau Island']"
7303388364483415301,"['Hong Kong International Airport', 'The Peak Tram', 'Victoria Peak', 'Nathan Rd', 'SOGO']"
7303471327803968769,"['Hong Kong Disneyland', 'Tomorrowland', 'Toy Story Land']"
7303482524494351622,"['Central', 'Yat Lok Restaurant', 'Bakehouse (Central)', 'Bakehouse (Wan Chai)', 'Causeway Bay', ""Mak's Noodle""]"
7303559368966999302,"['Lantau Island', 'Yuen Ching Kok (Wong Tai Sin)']"
7303850980863446278,"['Tsim Sha Tsui', 'Cheung Hing Kee Shanghai Pan Fried Buns', '1881 Heritage']"
7303893350355094789,"['Hong Kong International Airport', 'Ngong Ping Nature Centre', 'Victoria Harbour', 'Hong Kong Disneyland']"
7303974073946721582,"[""Dragon's Back"", 'To Tei Wan', 'Tai Mo Shan', 'Big Wave Bay', 'Big Wave Bay Beach']"
7304228400221228289,"['Hong Kong Disneyland', 'Tsim Sha Tsui']"
7304241042428087558,"['Ngong Ping Village', 'Tian Tan Buddha', 'Po Lin Monastery']"
7304291332573449477,"['Xiqu Centre', 'Hong Kong Science Museum', 'Hong Kong Cultural Centre', 'West Kowloon Cultural District', 'West Kowloon']"
7304401545150614790,"['Hong Kong International Airport', 'Hong Kong Disneyland', 'Ocean Park', 'Victoria Harbour']"
7304459511002189061,"['Ngong Ping', 'Lantau Island']"
7304504398330219781,"['Hong Kong-Zhuhai-Macao Bridge', 'Hong Kong International Airport', 'Tsing Ma Bridge', 'Museum of Art', 'Victoria Harbour']"
7304605370675236102,"['Hong Kong Disneyland', 'Ngong Ping 360', 'Ocean Park']"
7304918177484377349,"['Graham St', 'Staunton St', 'Hollywood Rd']"
7305034371365457153,"['Deli-O', 'Shun Tak Centre']"
7305284373748649222,"['Mount Parker Rd', 'Tsim Sha Tsui']"
7305352857299979521,"['Bakehouse (Wan Chai)', 'Blue House', 'Wong Tai Sin Temple', 'Yaumatei Tin Hau Temple', 'Nan Lian Garden', 'Choi Hung Estate', 'Kowloon Walled City Park', 'Mong Kok', 'Yat Lok Restaurant']"
7305358075542736134,"['Hong Kong Disneyland', 'ICHIRAN']"
7305752222141385989,"['Ngong Ping', 'Hong Kong Disneyland', 'Victoria Harbour', 'Victoria Peak', 'Hong Kong International Airport']"
7305911425787039019,"['Hong Kong International Airport', 'Brooklyn Bar and Grill', 'Central', 'Hong Kong Disneyland', 'Tai Cheong Bakery']"
7305939021463637254,"['Hong Kong Heritage Discovery Centre', 'The Mira']"
7306079571990908165,"['THE MATCHA TOKYO', 'Mott 32', 'K11 ARTMALL', 'K11 MUSEA']"
7306201961290829087,"['Victoria Peak', 'Po Lin Monastery', 'Museum of Art', 'Hong Kong International Airport']"
7306466345330216198,"['Central', 'The Peninsula']"
7306494754844314885,"['Hong Kong International Airport', 'Wan Chai', 'Bakehouse (Wan Chai)']"
7306710529064717574,"['Hong Kong International Airport', 'Hong Kong Convention and Exhibition Centre', 'The Hong Kong Tourism Board Kowloon Visitor Centre']"
7306842702707035398,"['Yaumatei Tin Hau Temple', 'Hong Kong Disneyland', ""Disney's Hollywood Hotel""]"
7306866039567043871,"['Mon Kee Café', 'Bakehouse (Wan Chai)']"
7306891703468756229,"['Victoria Peak', 'Lantau Island', 'Ngong Ping 360', 'Ngong Ping']"
7307070763897556229,"['Tian Tan Buddha', 'Ngong Ping Village', 'Ngong Ping', 'Lantau Island', 'Po Lin Monastery']"
7307266625248546091,"['Observation Wheel', 'Victoria Harbour', 'Central']"
7307281785673600258,"['Hong Kong Disneyland', 'Castle of Magical Dreams']"
7307299482008292639,"[""Dragon's Back"", 'Shek O Peak', 'Tai Po', 'Tai Mo Shan', 'Tai O', 'Tai Tam']"
7307466360404086021,"['Mong Kok East', 'Hong Kong Disneyland']"
7307484273056009473,"['Ming Court Hotel', 'Tai Kok Tsui', 'Victoria Harbour']"
7307510824728562950,"['Hong Kong Disneyland', 'Ocean Park']"
7307578274094337285,"['Hong Kong Disneyland', 'Sky 100', 'ICHIRAN', 'Bakehouse (Wan Chai)']"
7307580666655558917,"['Causeway Bay', 'Mong Kok', 'Central', 'Ngong Ping', 'North Point', 'Lan Fong Yuen']"
7307606488430775557,"['Victoria Peak', 'Victoria Peak Garden']"
7307913932637867270,"['Bakehouse (Wan Chai)', 'Hong Kong Disneyland', 'Central']"
7307945618608098566,"['Clock Tower', 'The Peninsula', 'Victoria Harbour', 'Hong Kong Cultural Centre']"
7308209133491211526,"['Hong Kong International Airport', 'Victoria Peak', 'Hong Kong Disneyland']"
7308345423196851461,"['The Peninsula', 'New World Millennium']"
7308431762630249761,"['Hong Kong Disneyland', ""Disney's Hollywood Hotel""]"
7308669921389546758,"['Hong Kong Disneyland', 'Hong Kong International Airport', 'Lai King', 'M+']"
7308682465118293253,"['Clock Tower', 'Tsim Sha Tsui', 'Hong Kong Cultural Centre', 'Victoria Harbour']"
7308722427670842654,"['The Peak Tram', 'Victoria Peak']"
7308758580952370438,"['Hong Kong Disneyland', 'Ocean Park', 'The Peak Tram', 'Ngong Ping 360']"
7308947465657502982,"['Victoria Peak', 'Ocean Park']"
7309102878235348230,"['Tsim Sha Tsui', 'Lee Garden', 'Hong Kong Disneyland']"
7309522006083505413,"['Hong Kong Disneyland', 'Ngong Ping Village', 'Tsim Sha Tsui', ""Hong Kong Fisherman's Wharf"", 'K11 MUSEA', 'Victoria Peak']"
7309675554846854405,"['The Peninsula', 'Hong Kong Disneyland']"
7309696264151633157,"['Hong Kong Disneyland', 'Tomorrowland', 'Mystic Manor']"
7309809738462612741,"['Hong Kong Disneyland', 'Clock Tower']"
7309881041269853445,"['The Hong Kong Tourism Board Kowloon Visitor Centre', 'THE MATCHA TOKYO']"
7309889206443248902,"['Hong Kong Science Museum', 'The Peninsula']"
7309950380861951274,"['Hong Kong Station', 'Hong Kong International Airport']"
7310089260680383750,"['Tian Tan Buddha', 'Hong Kong International Airport', 'Central', 'Masjid Ammar and Osman Ramju Sadick Islamic Centre', 'Kennedy Town']"
7310282789188799745,"['Hong Kong Macau Ferry Terminal', 'Tsim Sha Tsui', 'Jordan Station']"
7310634783434870018,"['Dim Sum Here', 'Grand Fortune Mansion', 'Tai Cheong Bakery', 'Lan Fong Yuen', 'North Point', 'K11 MUSEA']"
7310862748592770309,"['Hong Kong Cultural Centre', 'Hong Kong Disneyland']"
7310972859596197127,"['Tsing Yi', 'Sheung Wan', 'Stone Slab Street', 'The Peak Tram', 'Victoria Peak', 'M+', 'West Kowloon Art Park', 'West Kowloon Cultural District', 'Victoria Harbour', 'Hong Kong Macau Ferry Terminal', 'Lan Kwai Fong', 'Wong Tai Sin Temple', 'Jordan', 'Hashtag B', 'Hong Kong International Airport']"
7311011599035141378,"['Mong Kok', 'Central Ferry Pier', 'Causeway Bay']"
7311240387593506053,"['Central', 'Victoria Prison', 'Wellington St', 'Tai Kwun']"
7311275108251749637,"['Hong Kong Disneyland', 'Hong Kong International Airport', 'M+']"
7311337447709805830,"['Central', '1881 Heritage', 'The Peninsula']"
7311346287859813638,"['Hong Kong International Airport', 'Victoria Peak']"
7311477665922338066,"['Hong Kong International Airport', 'Tsing Ma Bridge', 'Victoria Peak', 'Hong Kong Disneyland']"
7311647808539380998,"['Ngong Ping 360', 'Tung Chung', 'Lantau Island', 'Cable Car Discovery Centre', 'Ngong Ping', 'Tai Po', 'Tian Tan Buddha']"
7311676954581683462,"['Regal Kowloon Hotel', 'Fu Wah Café']"
7311695443937774853,"['Harbour Grand', 'Whampoa', 'Grand Hyatt']"
7311723922779573512,"['Oi Man Sang', 'Mon Kee Café', 'Australia Dairy Company', 'Bakehouse (Wan Chai)', 'Lan Fong Yuen', 'Kam Wah Cafe & Cake Shop', 'Yat Lok Restaurant']"
7312043305347337477,"['Bakehouse (Wan Chai)', 'Hong Kong International Airport']"
7312177421657066794,"['Tsim Chai Kee Noodle', 'Yung Kee Restaurant', 'Hung Kee Seafood Restaurant', 'Sai Kung District']"
7312381197596888322,"['The Peninsula', 'Tai Kok Tsui']"
7312403929516559623,"['Hong Kong International Airport', 'The Peak Tram', 'Tai Mo Shan']"
7312416670549675269,"['Hong Kong Disneyland', 'World of Frozen']"
7312421031329713414,"['Hong Kong International Airport', 'Hong Kong-Zhuhai-Macao Bridge', 'Ngong Ping 360', 'Po Lin Monastery', 'Tian Tan Buddha', 'Lantau Island', 'Hong Kong Disneyland', 'Tomorrowland']"
7312582400574311687,"['The Peninsula', 'Victoria Harbour', 'Hong Kong International Airport']"
7312622187016424709,"['iSQUARE', 'Australia Dairy Company']"
7312691448317480198,"['Hong Kong Disneyland', 'Victoria Harbour', 'Victoria Peak', 'Ocean Park']"
7312830557673573634,"['Kennedy Town', 'Choi Hung Estate', 'Hung Hom']"
7313009169605446917,"['Xiqu Centre', 'Hong Kong Cultural Centre']"
7313149927058722054,"['Hong Kong Disneyland', 'Main Street Market', 'World of Frozen']"
7313164583189908742,"['Hong Kong International Airport', 'Hong Kong Disneyland']"
7313242084700376350,"['Tian Tan Buddha', 'Tai O', 'Tung Chung', 'Ngong Ping', 'Po Lin Monastery', 'Tsz Shan Monastery', 'Tai Po', 'Lantau Island']"
7313412142944800002,"['Hong Kong International Airport', 'Hong Kong Disneyland']"
7313449249692192006,"['Red Tea', 'Mong Kok', 'Tsim Sha Tsui', 'Royal Banquet Hall', 'For Kee Restaurant', 'Bakehouse (Wan Chai)', 'Central', 'Mak Man Kee Noodle Shop', 'Cheung Hing Kee Shanghai Pan Fried Buns']"
7313502932740164882,"['K11 MUSEA', 'iSQUARE']"
7313569806475676933,"[""Disney's Hollywood Hotel"", 'Hong Kong Disneyland']"
7313826233760992520,"['Causeway Bay', 'Triangle St']"
7313965778460560641,"['1881 Heritage', ""Marty's General Store"", 'Victoria Park']"
7313972103433227522,"['Lan Fong Yuen', 'Tai Cheong Bakery', 'Hong Kong International Airport', 'King Bakery', 'Bakehouse (Wan Chai)']"
7314156219067895045,"['Hong Kong International Airport', 'Hong Kong-Zhuhai-Macao Bridge', 'Tung Chung', 'Hong Kong Disneyland', 'Tsing Ma Bridge', 'Cheung Kong Center', 'Hang Lung House', 'Tsim Sha Tsui', 'Quarry Bay', 'iSQUARE']"
7314292529111829765,"['Grizzly Gulch', 'Hong Kong Disneyland', 'Big Grizzly Mountain Runaway Mine Cars']"
7314347862341586219,"['Victoria Peak', 'Man Mo Temple', 'ifc mall']"
7314423317442841902,"['Lin Heung Kui', 'Mammy Pancake', 'Temple Street Night Market', 'The Old Man']"
7314963798962490630,"['The Peninsula', 'Mandarin Oriental', 'Tsing Yi']"
7315078418855447814,"['Victoria Peak', 'The Peak Tram']"
7315225647784283397,"['Tsim Sha Tsui', 'Hong Kong Traditional Food']"
7315262717718170885,"['Hong Kong International Airport', 'Victoria Harbour', 'Victoria Peak', 'Hong Kong Disneyland', 'Lantau Island']"
7315305972178619653,"['Hong Kong Disneyland', 'The Peninsula', 'M+', 'Hong Kong Cultural Centre']"
7315420371518573829,"['Hong Kong Convention and Exhibition Centre', 'Hong Kong Cultural Centre']"
7315652234996452616,"['The Peak Tram', 'Barker Rd', 'Victoria Peak']"
7315788794937036037,"['K11 MUSEA', 'Gresson St']"
7315900737983204613,"['Cityplaza', 'The Ice Palace']"
7315969894984551688,"['Hong Kong International Airport', 'The Peninsula', 'Shangri-La', 'Victoria Harbour']"
7316050134054358273,"['Central', 'Tsim Sha Tsui']"
7316150733798231301,"['Hong Kong Island', 'Lee Tung Avenue']"
7316513804819434757,"['Tsing Ma Bridge', 'Hong Kong Disneyland']"
7316789120175508742,"['Man Mo Temple', 'Hong Kong Disneyland']"
7316848216975232257,"[""Queen's Road"", 'Central']"
7316950543807548677,"['Hong Kong International Airport', 'Hong Kong Disneyland', 'Victoria Peak']"
7317195371246030081,"['Hopewell Centre', 'The Grand Buffet']"
7317273059453439237,"['Hong Kong International Airport', 'Tsim Sha Tsui', 'Metroplaza', 'Hong Kong-Zhuhai-Macao Bridge', 'Sheung Wan', 'Hong Kong Macau Ferry Terminal']"
7317457352167378178,"['Observation Wheel', 'HSBC Building', 'The Peninsula']"
7317523950471236870,"['Hong Kong International Airport', 'Victoria Harbour']"
7317909525283998981,"['Ngong Ping', 'Lantau Island', 'Ngong Ping Village', 'Tian Tan Buddha', 'Po Lin Monastery', 'Ngong Ping 360']"
7318031928207150368,"['DON DON DONKI', 'DON DON DONKI']"
7318297520264727810,"['Hong Kong International Airport', 'Fortnum & Mason']"
7318651754017524997,"['Tsim Sha Tsui', 'Tsim Chai Kee Noodle', 'Tsing Ma Bridge', 'Hong Kong Disneyland', 'Hong Kong International Airport', 'Nam Wan Tunnel', 'Central']"
7318687685281991942,"['Victoria Harbour', 'Hong Kong Disneyland', 'Central Market', 'Hong Kong Station', 'Central-Mid-Levels Escalators', 'Stone Slab Street', 'Central', 'Observation Wheel', 'Capital Café']"
7319433508458450177,"['Ngong Ping', 'Ngong Ping Village', 'Po Lin Monastery', 'Tian Tan Buddha', 'Tai O']"
7319517466047057154,"['Victoria Peak', 'Victoria Harbour', 'Museum of Art', 'K11 ARTMALL', 'Central Market', 'Man Mo Temple', 'Ngong Ping', 'Tai O', 'Hong Kong Museum of History', 'Wan Chai', 'ArtLane', 'Sun Yat Sen Memorial Park']"
7319708542578035973,"['Hong Kong Disneyland', 'Hong Kong International Airport', 'Panda Hotel', 'Victoria Harbour']"
7319854690508786946,"['Spring Garden Ln', 'Braemar Hill Rd', 'Victoria Peak']"
7319885170792779016,"['Hong Kong International Airport', 'Cheung Chau Beach Rd', 'Hong Kong Cultural Centre', 'Lamma Island']"
7319943601310485806,"['Hyatt Centric', 'Victoria Harbour', 'North Point']"
7320203453505031430,"['Lantau Island', 'Po Lin Monastery', 'Ocean Park']"
7320229664704728321,"['Lung Dim Sum', 'Wan Chai Rd', 'Blue House', 'Kee Wah Tearoom', 'Wan Chai', ""Queen's Dumpling"", 'Apt. Coffee Wanchai', 'Artemis & Apollo', 'Avenue Of Stars', 'Museum of Art', 'K11 MUSEA', ""Maxim's Palace"", 'Bakehouse (Wan Chai)', 'Cheung Chau', 'Island Workbench', 'Myarts', 'Kozi Island Café', ""Duddell's"", 'Halfway Coffee', 'Lan Fong Yuen', 'Central', 'The Chinese Library', 'LockCha', 'Stone Slab Street', ""Mak's Noodle"", 'Central Market']"
7320255566318882094,"['Lamma Island', 'Tai Tam', 'Tai Mo Shan', 'Lantau Island']"
7320260103758744838,"['Central Market', 'Victoria Harbour', 'Hollywood Rd', 'Central', 'Observation Wheel']"
7320647380041289002,"['Sai Tso Wan', 'Australia Dairy Company', 'West Kowloon', 'Victoria Park', 'Museum of Art', 'Fortress Hill']"
7320860039856606470,"['Ngong Ping Village', 'Hong Kong Macau Ferry Terminal', 'Mui Wo Ferry Pier', 'Star Ferry Pier']"
7320992555066297643,"['The Westwood', 'The Peak Tram']"
7321013510014536961,"['Hong Kong International Airport', 'West Kowloon Cultural District']"
7321199110801968389,"['Hong Kong Disneyland', 'Hong Kong International Airport', 'Kowloon Park', 'Lantau Island', 'Ngong Ping 360', 'Ocean Park']"
7321351240414235905,"['Australia Dairy Company', 'Mong Kok Night Market']"
7321709695037721863,"['Tsim Sha Tsui', 'Bakehouse (Wan Chai)']"
7321753326243024129,"['Hong Kong International Airport', 'Victoria Peak']"
7321923830384020741,"['Victoria Peak', 'The Peak Tram']"
7322058405441555744,"['Lan Fong Yuen', 'Man Mo Temple', 'Victoria Peak', 'The Peak Tram']"
7322410564913843461,"['Hong Kong Disneyland', 'Toy Story Land']"
7322499631215037702,"['Hashtag B', 'Bakehouse (Wan Chai)']"
7322862581255834913,"['Victoria Harbour', 'Hang Lung House']"
7322882473388477729,"['Wan Chai', 'Happy Valley Racecourse']"
7322923383308504326,"['Hong Kong Disneyland', 'Ocean Park', 'Ngong Ping 360']"
7323099353894210822,"['Hong Kong International Airport', 'Central', 'Kowloon', 'Wellington St', 'Tsim Chai Kee Noodle', 'Bakehouse (Wan Chai)']"
7323106228215844114,"['The Peninsula', 'Lan Fong Yuen', 'Hong Kong Disneyland', 'Carbone']"
7323579975188188434,"['Hong Kong Disneyland', 'Hong Kong International Airport', 'Mong Kok', 'M1 Hotel', 'Tsuen Wan', 'Lai Chi Kok Station']"
7323847046346345734,"['Nan Lian Garden', 'Tai Po', 'Chi Lin Nunnery', 'Hong Kong Disneyland']"
7324249850420186386,"['Victoria Harbour', 'Museum of Art', 'Upper Lascar Row', 'Man Mo Temple', 'Central']"
7324544317069053189,"['AIA Carnival', 'Hong Kong Disneyland', 'Yaumatei Tin Hau Temple']"
7324655153670393094,"['Hong Kong Disneyland', 'Sky 100']"
7324658125733137666,"['Temple St', 'Kowloon', 'Jordan', 'Yau Ma Tei']"
7324698326337588488,"['Ngong Ping 360', 'Tian Tan Buddha', 'Lantau Island']"
7324709567449828650,"['Victoria Harbour', 'AIA Carnival']"
7325009294263454994,"['Central', 'Lan Fong Yuen', 'Victoria Peak']"
7325059666067655941,"['Hong Kong International Airport', 'Victoria Harbour', 'iSQUARE']"
7325394462597713153,"['Shau Kei Wan', 'Shau Kei Wan Terminus', 'Victoria Peak']"
7325439038201138437,"['Hong Kong International Airport', 'Tian Tan Buddha', 'Hong Kong Disneyland', 'Victoria Peak']"
7325628437807238406,"['1881 Heritage', 'Hong Kong Disneyland', 'World of Frozen', 'The Peak Tram', 'Tsing Ma Bridge']"
7325779515366460705,"['Central', 'Cross Harbour Tunl', 'Victoria Harbour']"
7326010583332048134,"['Ngong Ping Village', 'Lantau Island', 'Tai Po', 'Wisdom Path', 'Tai Mo Shan', 'Ngong Ping 360', 'Ngong Ping', 'Tai O']"
7326027146751642886,"['Ngong Ping Village', 'Tian Tan Buddha', 'Tai Po', 'Po Lin Monastery']"
7326048185405869317,"['Avenue Of Stars', '1881 Heritage', 'Tsim Sha Tsui', 'The Peninsula']"
7326187619723857158,"['The Peak Tram', 'Victoria Peak']"
7326372350042164485,"['Sai Ying Pun', 'Victoria Harbour']"
7326555868743404801,"['Ladies Street Sik Faan Co.', 'Oi Man Sang', 'Mong Kok', 'Hay Wong Dim Sum']"
7326849096604454162,"['Cordis', 'Mong Kok Station']"
7326950521103715592,"['Harbour City', 'Lan Fong Yuen', 'Grand Fortune Mansion', 'Kennedy Town', 'Monster Building', 'Hong Kong International Airport']"
7327596567517515014,"['Mong Kok', 'Hong Kong International Airport']"
7327605205854457094,"['The Peak Tower', 'Victoria Peak']"
7327940074602007815,"['Hong Kong Disneyland', 'World of Frozen']"
7328252232745504006,"['Hong Kong Disneyland', 'The Peak Tram']"
7328357210529025286,"['Hong Kong Disneyland', 'Big Grizzly Mountain Runaway Mine Cars']"
7328377974359739650,"['Central', 'Fortune Foot Massage', ""Queen's Road"", 'Victoria Peak', 'Ocean Park', 'Central-Mid-Levels Escalators', 'Tai Kwun', 'Lan Fong Yuen']"
7328442749831744773,"['Tsim Sha Tsui', 'Sha Tin Racecourse', 'ifc mall', 'Wong Tai Sin', 'Causeway Bay', 'West Kowloon Cultural District']"
7328454700020321541,"['Stanley Village Rd', 'Tai O', 'Stanley Murray House', 'Stanley Plaza', 'Ocean Park', 'Stanley', 'Aberdeen/Stanley', 'TinTinPhoto']"
7328502517728283909,"['Causeway Bay', 'Victoria Harbour', 'Ming Court Hotel']"
7328523492951969067,"['Kowloon Park', 'Hong Kong Park']"
7328526812978433326,"['Hong Kong Park', 'Po Lin Monastery', 'Lion Rock']"
7328673895702088966,"['The Peak Tram', 'Victoria Peak']"
7329030006934359301,"['Ngong Ping', 'Ngong Ping 360']"
7329053595213499650,"['Ngong Ping 360', 'Ngong Ping']"
7329358823993396526,"['Living PLAZA', 'Po Lin Monastery']"
7329449091883093250,"['Sai Kung New Public Pier', 'Sing Kee']"
7329677172031999274,"['Lion Rock Head', 'Victoria Peak']"
7329746617790205202,"['Sha Tin Che Kung Temple', 'Les Halles', 'Wong Tai Sin Temple', 'Hong Kong Disneyland', 'Ngong Ping Village', 'Ngong Ping']"
7329851615677107488,"['Bakehouse (Wan Chai)', 'Tsim Sha Tsui']"
7329857611535355138,"['Victoria Harbour', 'Fortnum & Mason']"
7329880311507078432,"['Wong Tai Sin Station', 'Yaumatei Tin Hau Temple', 'Wong Tai Sin', 'Hong Kong Park', 'Po Lin Monastery']"
7329894947417492741,"[""Disney's Hollywood Hotel"", 'Ink & Plate', 'The Archivist', 'Celebrity Gifts', 'Hong Kong Disneyland']"
7330120766991650053,"['Hong Kong Disneyland', 'Hong Kong International Airport']"
7330250024753876255,"['Lantau Island', 'Ngong Ping', 'Ngong Ping 360', 'Tian Tan Buddha', 'Po Lin Monastery', 'Tai O', 'Fook Moon Lam Restaurant', 'Tai O Bakery', 'Tsing Ma Bridge', 'Tai Mo Shan', 'Mui Wo', 'Village Bakery']"
7330288966714838278,"['Hong Kong Disneyland', 'Ngong Ping 360', 'Ocean Park', 'SOGO', 'Tian Tan Buddha']"
7330315284655377696,"['Hong Kong Disneyland', 'Tsim Sha Tsui Promenade', 'Lantau Island', 'Wong Tai Sin Temple']"
7330429581574393093,"['Chi Lin Nunnery', 'Nan Lian Garden', 'Po Lin Monastery', 'Hong Kong Disneyland']"
7330434303974821125,"['Shun Tak Centre', 'Sheung Wan']"
7330537029337402642,"['Hong Kong International Airport', 'Victoria Harbour', 'Hong Kong Disneyland']"
7330589134236568838,"['Central', 'JC Contemporary', 'Hong Kong Correctional Services Museum', 'Prison Yard', 'Tai Kwun']"
7330644549934550277,"['Wan Chai', 'Bakehouse (Wan Chai)']"
7330903226851560709,"['Kwai Fong', 'Nathan Rd', 'Central', 'Avenue Of Stars', 'Victoria Harbour', 'Hong Kong Cultural Centre']"
7330977845193329926,"['Hong Kong International Airport', 'Victoria Harbour', 'Hong Kong Disneyland', 'Ocean Park', 'The Peak Tram', 'Ngong Ping Village', 'Ngong Ping', 'Tian Tan Buddha', 'The Ritz-Carlton', 'Temple St']"
7331068480260787489,"['Victoria Peak', 'The Peak Tram']"
7331371247869250822,"['The Peak Tram', 'Victoria Peak']"
7331408661538999558,"['T Square', 'iSQUARE', 'Harbour City', 'Victoria Harbour', 'Hong Kong Disneyland', 'K11 MUSEA', 'Yee Shun Milk Company', 'Underpass Restaurant & Bar']"
7331672033895517445,"['Ocean Park', 'Ngong Ping', 'Hong Kong Disneyland']"
7331762466969455914,"['Central', 'Hong Kong Park', 'Victoria Harbour']"
7331774066451369222,"['Hong Kong International Airport', 'Hong Kong Disneyland', 'Sky 100']"
7331805220109831430,"['Australia Dairy Company', 'Bakehouse (Wan Chai)']"
7331956718198361349,"['Hong Kong Disneyland', 'Mystic Manor', 'World of Frozen', 'The Peak Tower', 'Hong Kong International Airport']"
7332013103988608263,"['Man Kee Cart Noodle', 'Kam Ming Noodles', 'Tai Wo Tang Café']"
7332030607284882721,"['Victoria Peak', 'Tai O']"
7332049227889052933,"['Hong Kong Disneyland', 'The Peak Tower', 'Ngong Ping', 'Avenue Of Stars']"
7332061258033761568,"['Mido Café', 'Temple St']"
7332077278207200554,"['Tian Tan Buddha', 'Chek Lap Kok', 'Hong Kong-Zhuhai-Macao Bridge', 'Lantau Island']"
7332186262150925600,"['Temple St', 'Tsing Ma Bridge']"
7332336670689217793,"['ifc mall', 'Victoria Harbour', 'Canton Rd']"
7332408808540491014,"['Hong Kong Park', 'Tai Chi Garden']"
7332451654547049733,"['Hong Kong Disneyland', 'Tai Po']"
7332768426554838277,"['Kam Wah Cafe & Cake Shop', 'ICHIRAN', 'Causeway Bay', 'Bakehouse (Wan Chai)']"
7332822017709837573,"['Shanghai St', 'Victoria Harbour', 'Harbour City', 'Hong Kong Cultural Centre']"
7333401043461491973,"['Ngong Ping 360', 'Ngong Ping']"
7333524071587515666,"['Lantau Island', 'Po Lin Monastery', 'Hong Kong International Airport', 'Lan Kwai Fong', 'Central']"
7333765414087904518,"['Hong Kong Disneyland', ""Marty's General Store""]"
7333803081777384710,"['Stone Slab Street', 'Man Mo Temple', 'Wong Tai Sin Temple', 'Mong Kok', 'Lee Tung Avenue', 'The Peninsula']"
7333893075925732613,"['K11 MUSEA', 'Hong Kong Convention and Exhibition Centre', 'Victoria Harbour', 'Chi Lin Nunnery']"
7334191231624301829,"['Lamma Island', 'Hong Kong Disneyland']"
7334285826265746690,"['Conrad Hong Kong', 'Central', 'Victoria Harbour', 'Hong Kong International Airport']"
7334669710086147346,"['Central', 'Happy Valley Racecourse', 'Shau Kei Wan']"
7334691994024824069,"['SOGO', 'The Peninsula', 'Hong Kong Disneyland']"
7334714840210017541,"['Hong Kong Disneyland', 'Ocean Park', 'Hong Kong International Airport', 'Ngong Ping', 'Old Hong Kong']"
7334941746209590533,"['Bakehouse (Wan Chai)', 'Hysan Place', 'Mon Kee Café', 'Times Square', 'K11 MUSEA', 'Victoria Harbour', 'Causeway Bay']"
7335039886661029121,"['Tsim Sha Tsui', 'Hong Kong Disneyland', 'Lantau Island', 'Tsing Ma Bridge', 'Central', 'M+']"
7335053937692773662,"['Ngong Ping', 'Ocean Park', 'Victoria Harbour', 'Ngong Ping 360', 'Lantau Island']"
7335292082904386824,"['Hing Kee Restaurant', 'Temple St']"
7335502346572631302,"[""Ladies' Market"", 'Lung Fung Mall']"
7335620404469337349,"['Temple St', 'Cheung Chau']"
7335669242588581125,"['Hong Kong International Airport', 'Central', 'Tsim Sha Tsui']"
7335676550441864454,"['Nan Lian Garden', 'Chi Lin Nunnery', 'Po Lin Monastery']"
7335774734933658882,"['Hong Kong International Airport', 'Mong Kok East', 'Mong Kok Station', 'Causeway Bay', 'Central', 'Sau Wa Fong', 'Central Market', 'Central-Mid-Levels Escalators', 'Tai Kwun', 'Victoria Peak']"
7336207979684973829,"['iSQUARE', 'Ocean Park', 'Hong Kong Disneyland', 'Hong Kong International Airport']"
7336408493739592966,"['Victoria Harbour', 'Bakehouse (Wan Chai)', 'Tai Kwun', 'Central Station', 'Hong Kong Disneyland', 'Hashtag B', 'M+', 'Sneakers Street', 'Temple St', 'The Peninsula', 'MOMA', 'Hong Kong International Airport']"
7336443244160535813,"['Honolulu Café', 'Honolulu Coffee Shop', 'Wan Chai']"
7336578983162694917,"['Choi Hung Estate', 'M+', 'Victoria Harbour', 'ICHIRAN', 'Sneakers Street']"
7337421905550396718,"[""Snoopy's World"", 'Hong Kong Disneyland']"
7337553348830203142,"['BASAO', 'Wan Chai']"
7337565696122998022,"['Victoria Peak', 'Lugard Road Lookout', 'Victoria Harbour', 'The Peak Tower']"
7337580602381716742,"['Nan Lian Garden', 'Chi Lin Nunnery', 'Mong Kok']"
7337590873917623557,"['Hong Kong Disneyland', 'Victoria Peak', 'Yaumatei Tin Hau Temple']"
7338019242693971233,"['DON DON DONKI', 'Causeway Bay']"
7338468296662011141,"['Hollywood Rd', 'Central', 'Tai Kwun']"
7338469560548379937,"['Lamma Island', 'Tian Tan Buddha', 'Tai O', 'Victoria Peak', 'Tsim Sha Tsui']"
7338769029219355909,"['Dr Sun Yat-sen Museum', 'Fringe Club', 'Central', 'East Coast Park Precinct']"
7338988794902793505,"['Tai Po', 'Po Lin Monastery', 'Tian Tan Buddha']"
7339037721156930822,"['Mong Kok', 'Causeway Bay', 'Lan Fong Yuen', 'Central', 'Tai Cheong Bakery', 'Lucky Star Coffee Shop']"
7339205549516655918,"['Lantau Island', 'Buddhist World in the South Archway', 'Po Lin Monastery']"
7339474602424306950,"['Victoria Peak', 'The Peak Tram']"
7339489108730957061,"['Ngong Ping 360', 'Hong Kong Disneyland', 'Ocean Park', 'Po Lin Monastery', 'Lantau Island']"
7339755028393118983,"['SOGO', 'Observation Wheel']"
7339912892554153223,"['Repulse Bay', 'Tai O', 'Tsing Ma Bridge']"
7340001338375392517,"['Hong Kong International Airport', 'Tsuen Wan', 'The Peak Tram']"
7340064667865271557,"['Hong Kong Zoological and Botanical Gardens', 'Monster Building', 'ifc mall', 'Madame Tussauds', 'Victoria Harbour', 'Ocean Park', 'Central', 'Wan Chai', 'Lei Yue Mun', 'Mong Kok', ""Ladies' Market"", 'Hong Kong International Airport']"
7340086340358376709,"['Hong Kong Disneyland', 'Hong Kong Cultural Centre', 'M+']"
7340186087802916129,"['Tsim Sha Tsui', 'Yaumatei Tin Hau Temple', 'Sai Kung New Public Pier', 'Tai O']"
7340295987182800136,"['Causeway Bay', 'Bakehouse (Causeway Bay)', 'Yat Lok Restaurant', 'Wong Tai Sin Temple', 'Hung Hom Kwun Yum Temple', 'Tsim Sha Tsui', 'Tsim Sha Tsui Promenade', 'K11 ARTMALL', 'Prince Edward', 'One Dim Sum', 'Kai Kai Dessert', 'Hysan Place']"
7340305124343942405,"['Tai Tam Mound Waterfall', 'Tai Po', 'Stone Nullah Ln', 'Tai Long Wan', 'Tai Lam Chung Reservoir']"
7340866340556786952,"['Lion Rock', 'Lantau Island', 'Victoria Peak', 'Lantau Peak']"
7340937608693943557,"['Chungking Mansions', 'Hong Kong International Airport']"
7341254621823782150,"['Lugard Rd', 'Victoria Peak']"
7341301377647348994,"['Victoria Peak', 'Tai Mo Shan']"
7341575862652849451,"['Po Lin Monastery', 'The Peninsula', 'Hong Kong Disneyland', 'Lantau Island', 'Tian Tan Buddha']"
7341686985603468549,"['Hong Kong Disneyland', 'Victoria Peak', 'Ngong Ping', 'Imperial Hotel']"
7341728720304049414,"['Ngong Ping 360', 'Lantau Island', 'Tsing Ma Bridge', 'Victoria Peak']"
7341926966431599877,"['Lantau Island', 'Tai Po']"
7342050275353480453,"['Hong Kong International Airport', 'Lan Kwai Fong']"
7342145974015429930,"['Nan Lian Garden', 'Victoria Harbour', 'Hong Kong Disneyland', 'Hong Kong International Airport']"
7342164827449675015,"['Hong Kong International Airport', 'Tian Tan Buddha', 'Ngong Ping', 'Tai Mo Shan', 'Victoria Peak', 'Victoria Harbour']"
7342174122039872801,"['Shelley St', 'Central', 'Bakehouse (Wan Chai)', 'Amo·Ago']"
7342745659218480402,"['Hong Kong Disneyland', 'Victoria Peak', 'Central']"
7342778012280098053,"['Shouson Hill', 'Stanley Market', 'Stanley Main Street', 'My Cup of Tea', 'Dim Dim Sum', ""Ladies' Market"", 'Wong Tai Sin Temple', 'Yaumatei Tin Hau Temple', 'Hong Kong Park']"
7342826586581765384,"['Ocean Park', 'ROSÉ']"
7342827529432026375,"['The Peak Tram', 'Hong Kong Disneyland']"
7342853562596183302,"['Victoria Peak', 'Tai Ping Shan']"
7343220799723113733,"['Choi Hung Estate Rooftop Basketball Court', 'Choi Hung Station', 'Choi Hung Estate']"
7343498701362580742,"['Hong Kong Disneyland', 'Mystic Manor']"
7343526677986790674,"['Quinary', 'COA']"
7343625297201450247,"['Tsim Sha Tsui', 'Nathan Rd', 'One Dim Sum']"
7343646224022637830,"['West Kowloon', 'The Peninsula']"
7343877193006583047,"['Kwan Kee Claypot Rice', 'Kwai Heung St']"
7343955014731255042,"['Halfway Coffee', 'Nathan Rd']"
7344310963262295314,"['Tai Mo Shan', 'Lantau Island']"
7344312845611355425,"['The Ritz-Carlton', 'Victoria Harbour', 'Kowloon', 'Victoria Peak']"
7344488763860536619,"['Hong Kong Disneyland', 'Crystal Lotus']"
7344609265115614471,"['Hong Kong International Airport', 'Observation Wheel']"
7344752909269126407,"['Lan Fong Yuen', 'Kam Wah Cafe & Cake Shop']"
7344925156524952878,"['Hong Kong International Airport', 'Eaton HK', 'Nathan Rd', 'Yau Wok Hei']"
7344945184284609797,"['Bakehouse (Wan Chai)', 'Shelley St', 'Honolulu Café', 'Wan Chai', 'Sai Kung Cafe & Bakery']"
7344968526475595014,"['Avenue Of Stars', 'Victoria Harbour', 'Kowloon Mosque And Islamic Centre', 'Central', 'Victoria Peak', 'Mobile Softee', 'Harbour City', 'Tsim Sha Tsui Station', 'Hong Kong International Airport', 'Pacific Place']"
7344986336639700230,"['The Grand Buffet', 'Lantau Island']"
7345242782954458376,"['Lamma Island', 'Tai O']"
7345404782682705154,"['Cupnoodles Museum', 'Hong Kong Science Museum']"
7345612442010979590,"['Lantau Island', 'Tai Mo Shan', 'Po Lin Monastery']"
7345691333522181408,"['Sha Tin Station', 'Ten Thousand Buddhas Monastery', 'Po Lin Monastery', 'Lantau Island', 'Tai Po']"
7345720354171555090,"['Ladies Street Sik Faan Co.', 'Little Bao']"
7345749515812556040,"['Mrs. Fong Dessert', 'Kowloon Tin Hau Temple', 'Kowloon', 'Hong Kong Island', 'Central Ferry Pier', 'The Hong Kong Tourism Board Kowloon Visitor Centre', 'Hong Kong International Airport']"
7346047373820349701,"['Jordan', 'Kai Kai Dessert', 'Yee Shun Milk Company', 'Causeway Bay', 'Australia Dairy Company', 'Tei Mou Koon Dessert', 'Kowloon City']"
7346154854823349506,"['Hong Kong International Airport', 'Hong Kong Disneyland']"
7346209931562847521,"['Granville Rd', 'Mong Kok']"
7346351687314967839,"['Hong Kong Visual Arts Centre', 'Hong Kong Park', 'The Peak Tram', 'Kowloon Walled City Park', 'ArtLane']"
7346406064432139551,"['Victoria Peak', 'Tai Tam Reservoir']"
7346577405336702241,"['Causeway Bay', 'Kowloon', 'Mandarin Oriental']"
7346589118962371845,"['Hong Kong Disneyland', 'Starliner Diner']"
7346840713302232362,"['Tai On Coffee & Tea Shop', 'Mong Kok', 'Halfway Coffee', '堅強貿易行', 'Langham Place', 'SHARI SHARI Kakigori House']"
7347022458001706273,"['Wan Chai', 'FINEPRINT', 'Victoria Peak', 'Mt. High West Viewing Point', 'Yat Lok Restaurant', 'Man Mo Temple', 'Central', 'M+', 'Eyebar', 'Temple St', ""Dragon's Back"", 'Tai Tam', 'Tsim Chai Kee Noodles', 'Tsim Sha Tsui', 'Bakehouse (Wan Chai)', 'Nan Lian Garden', 'Sham Shui Po']"
7347153336463904007,"['Victoria Peak', 'Central']"
7347157185320914222,"['Lantau Island', 'Tian Tan Buddha', 'Tai O', 'Victoria Peak']"
7347204630935276801,"['Hong Kong Disneyland', 'The Peak Tram', 'Ngong Ping 360', 'Hong Kong Park']"
7347326476196318469,"['Lantau Island', 'Tai Tam Reservoir']"
7347605063520488724,"['Tsz Shan Monastery', 'Po Lin Monastery', 'Tai Po', 'Museum of Art']"
7347613339658243335,"['Lan Kwai Fong', 'Hong Kong Cultural Centre', 'Hong Kong Disneyland']"
7347689090348797217,"['Hong Kong International Airport', 'Nathan Rd', 'Causeway Bay', 'Wo Foo Commercial Building']"
7348061301232389408,"['Chi Lin Nunnery', 'Po Lin Monastery', 'Nan Lian Garden', 'Diamond Hill']"
7348082062697499947,"['Danish Bakery', 'Sister Wah Beef Brisket', 'Kwan Kee Claypot Rice', 'Bakehouse (Wan Chai)', 'Tsim Chai Kee Noodle', 'Yat Lok Restaurant']"
7348361374080322817,"['K11 MUSEA', 'Avenue Of Stars', 'Australia Dairy Company', 'Eyebar', 'Stone Slab Street', 'Monster Building', 'Tai O', 'Ngong Ping Village', 'Tian Tan Buddha', 'Sham Shui Po', 'Lion Rock Head']"
7348437029077732641,"['Temple St', 'Hong Kong International Airport']"
7348468600849648897,"['Hollywood Rd', 'Yue Po Chai Antique Co.']"
7348689817045175554,"['Tsim Sha Tsui', 'K11 ARTMALL']"
7349174133495745824,"['Temple St', 'Langham Place', 'Tsim Sha Tsui']"
7349224591765572865,"['Sun Hing Restaurant', 'Central', 'Central Market', 'Man Mo Temple', 'Kung Lee Sugar Cane Drink', 'Yat Lok Restaurant']"
7349508934249532718,"['Hong Kong International Airport', ""Lord Stow's Bakery"", 'Hong Kong Macau Ferry Terminal']"
7349536690760977665,"['Wan Chai', 'Hopewell Centre', 'The Grand Buffet', 'Victoria Harbour', 'Sky 100']"
7349578363771637000,"['Victoria Peak', 'Braemar Hill Rd', 'Monster Building', 'Ngong Ping', 'Hong Kong Disneyland']"
7349780617300577537,"['Kowloon', 'Kowloon Walled City Park', 'Kowloon City', 'K11 MUSEA', 'Wan Chai', 'Bakehouse (Wan Chai)', 'Kau Kee', 'Pa Shih', 'Kai Kai Dessert', 'Tai O']"
7349883245044976902,"['Tsim Sha Tsui', 'Central Ferry Pier', 'Hong Kong Disneyland', 'Mong Kok']"
7349978374804131080,"['Tung Tat', 'Kai Kai Dessert', 'Central', 'Man Kee Cart Noodle']"
7350596844612766977,"['Australia Dairy Company', ""Dragon's Back"", 'Tai O', 'Big Wave Bay Beach', 'Tsim Sha Tsui']"
7350647129326521605,"['Hong Kong Disneyland', 'Victoria Harbour']"
7350885023697980677,"['Hong Kong Disneyland', 'Ngong Ping']"
7351007204142501128,"['Sha Tin Che Kung Temple', 'Hong Kong Disneyland', 'Victoria Peak', 'Wong Tai Sin Temple', 'Golden Bauhinia Square', 'Yaumatei Tin Hau Temple', 'Po Lin Monastery', 'Victoria Harbour', 'Cupnoodles Museum']"
7351021706841967877,"['Hong Kong International Airport', 'Hong Kong Disneyland', 'Davis St']"
7351257988860087557,"['Hong Kong International Airport', 'Sky Bridge']"
7351594901739425029,"['Hong Kong Disneyland', 'Big Grizzly Mountain Runaway Mine Cars', 'Mystic Manor', 'World of Frozen']"
7351601351887031559,"['Hong Kong International Airport', 'ifc mall', 'K11 MUSEA', 'Hong Kong Disneyland']"
7351619462254169345,"['Victoria Harbour', 'LEGOLAND Discovery Centre', 'Hong Kong Space Museum', 'Victoria Peak', 'Tsing Ma Bridge', 'Hong Kong Disneyland']"
7351624546010533126,"['Hong Kong Disneyland', 'Frozen Ever After']"
7351691350510718226,"['Victoria Peak', 'The Peak Tram', 'Sky 100', 'The Peak Tower']"
7352478730855386374,"['Hong Kong International Airport', 'LEGOLAND Discovery Centre', 'Hong Kong Disneyland', 'Ocean Park', 'Disney Explorers Lodge']"
7352501735887277317,"['Victoria Peak', 'Hong Kong International Airport', 'Dragon State Kitchen Restaurant', 'Bakehouse (Wan Chai)', 'Central-Mid-Levels Escalators', 'The Peak Tower', 'Sky 100']"
7352606304201886983,"['Hong Kong International Airport', 'Lantau Island', 'Po Lin Monastery', 'iSQUARE']"
7352637541280992545,"['Tian Tan Buddha', 'Lantau Island', 'Po Lin Monastery']"
7352743009630407952,"['Lantau Island', 'Ngong Ping', 'Bakehouse (Wan Chai)']"
7352877631991450886,"['Tsing Ma Bridge', 'Hong Kong Disneyland', 'Tsuen Wan']"
7353042673768631595,"['Tian Tan Buddha', 'Tai O', 'Lantau Island', 'Po Lin Monastery']"
7353124156352875792,"['Western Market', 'Lan Fong Yuen']"
7353202285503057158,"['Victoria Peak', 'The Peak Tram', 'Victoria Harbour', 'Wong Tai Sin Temple', 'Nan Lian Garden', ""Ladies' Market""]"
7353303569375726855,"['Happy Valley Racecourse', 'Hong Kong Disneyland', 'Ocean Park', 'Ngong Ping', 'Central', 'Lan Kwai Fong', 'Queensway']"
7353440910094519569,"['Hong Kong Railway Museum', 'Tai Mo Shan', 'Victoria Peak']"
7353505391759674641,"['Law Fu Kee', 'Central', 'Yat Lok Restaurant', 'Tsim Chai Kee Noodle', 'Mong Kok', 'Ladies Street Sik Faan Co.']"
7353573615356415274,"['Tian Tan Buddha', 'Ngong Ping Village']"
7353707658714582277,"['Hong Kong Disneyland', 'Victoria Park']"
7353918789601283370,"['Monster Building', 'Quarry Bay']"
7353928089040129298,"['Hong Kong International Airport', 'Lantau Island', 'Tai Po']"
7353958958786202898,"['King Sing St', 'Tai O', 'Hong Kong Disneyland', 'Victoria Peak']"
7354257671601655046,"['Tsim Sha Tsui', 'Park Hotel']"
7354338492979154182,"['Kennedy Town Station', '% Arabica', 'Central', 'The Peak Tower', 'K11 MUSEA', 'Victoria Harbour', 'Observation Wheel']"
7354583399077530923,"['Po Lin Monastery', 'Lantau Island']"
7354588081372089607,"['Tai O', 'K11 MUSEA']"
7354719854022118662,"['Victoria Harbour', 'Sky 100', 'Victoria Peak', 'Wong Tai Sin Temple', 'K11 MUSEA', 'Temple Street Night Market', 'Temple St', 'Dim Sum Here', 'Yau Ma Tei', 'Yau Tsim Mong District']"
7354906394757172522,"[""Queen's Road"", 'Tian Tan Buddha', 'Ngong Ping', 'Ocean Pacific', 'The Peak Tram', 'Lan Fong Yuen', 'Kennedy Town', 'Lantau Island']"
7355011358733225224,"[""Disney's Hollywood Hotel"", 'Hong Kong Disneyland']"
7355016536769268999,"['Hong Kong International Airport', 'Hong Kong Macau Ferry Terminal', 'Hong Kong-Zhuhai-Macao Bridge', 'Tsim Sha Tsui']"
7355078814692658439,"['World of Frozen', 'Hong Kong Disneyland']"
7355114948500000018,"['Victoria Peak', 'Kennedy Rd', 'The Peak Tower']"
7355151374901857542,"['Ocean Park', 'Hong Kong Disneyland', 'Ngong Ping', 'Hong Kong International Airport']"
7355314905924242696,"['Hong Kong International Airport', 'Hong Kong Disneyland']"
7355708288077401350,"['Ngong Ping Village', 'Tian Tan Buddha', 'Victoria Peak', 'The Peak Tram', 'Victoria Harbour', 'Hong Kong Disneyland', 'Mong Kok', 'K11 MUSEA', 'Tsim Sha Tsui', 'Avenue Of Stars']"
7355879935053057285,"['Hong Kong International Airport', 'Hong Kong-Zhuhai-Macao Bridge']"
7355926099043355936,"['Ngong Ping', 'Ngong Ping 360']"
7356070521802411272,"['Regal Kowloon Hotel', 'Po Lin Monastery', 'Lantau Island', 'Hong Kong International Airport']"
7356603279276510469,"['Hong Kong Disneyland', 'Victoria Harbour']"
7357139728690318600,"['Ngong Ping', 'Lantau Island']"
7357144605374139653,"['Ngong Ping 360', 'Tian Tan Buddha', 'Hong Kong Disneyland']"
7357183845843717383,"['Hong Kong International Airport', 'Hong Kong Disneyland']"
7357250205651176705,"['Tsim Sha Tsui', 'K11 MUSEA', 'Tai Cheong Bakery']"
7357348382995696903,"['Central', 'Ocean Park', 'Stone Slab Street', 'The Iron Fairies']"
7357676749141871878,"['The Peak Tram', 'Victoria Harbour', 'Sky 100', 'Victoria Peak']"
7357682387897044230,"['Po Lin Monastery', 'Ocean Park', 'Hong Kong Disneyland']"
7357734777023106310,"['Hong Kong International Airport', 'Hong Kong Disneyland', 'Lantau Island']"
7358005917385854214,"['Victoria Harbour', 'Lantau Island']"
7358030887960857872,"['Tai O', 'Tai O Tai Ping St']"
7358317921451527429,"['Ngong Ping Cable Car Station', 'Ngong Ping', 'Victoria Peak', 'The Peak Tower', 'Victoria Harbour', 'Hong Kong Island', 'Mong Kok']"
7358467731433245958,"['Ocean Park', 'LEGOLAND Discovery Centre', 'Hong Kong Jockey Club Sichuan Treasures', 'Hong Kong Disneyland']"
7358578917130767648,"['The Peak Tram', 'Kennedy Town Station', 'Victoria Peak', 'The Peak Tower', 'Mai Po Rd']"
7358771309658000645,"['Kennedy Town', 'Sai Wan', 'New Praya']"
7358785793088834824,"['Hong Kong International Airport', 'Bakehouse (Wan Chai)', 'DON DON DONKI ']"
7358798540862246150,"['Soft Thunder Bakery', ""Kam's Roast Goose"", 'Red Tea', 'Lan Fong Yuen', 'Hop Fat Café', 'Australia Dairy Company', 'Bakehouse (Wan Chai)', 'Kam Wah Cafe & Cake Shop']"
7359008657700392208,"['Tai Po', 'Lantau Island']"
7359045312138317062,"['Madame Tussauds', 'The Peak Tram']"
7359058906104073478,"['Lantau Island', 'Hong Kong Disneyland']"
7359077980964015365,"['Temple St', 'Jordan']"
7359201195077930258,"['Monster Building', 'Avenue Of Stars', 'Victoria Harbour']"
7359236623588003105,"[""Ladies' Market"", 'Victoria Peak', 'Lantau Island']"
7359496139109911814,"['Tai Ping Shan', 'The Peak Tram', 'Macdonnell Rd', 'Victoria Peak', 'The Peak Tower']"
7359702134847278343,"['Victoria Peak', 'Ngong Ping 360']"
7359943521010306320,"['Hong Kong Disneyland', 'World of Frozen', 'Playhouse in the Woods', 'Fantasyland Station']"
7359948428807523589,"['Dragonfly', 'Central']"
7360149349415898373,"['Victoria Peak', 'Hopewell Centre']"
7360290933704903954,"['Hong Kong International Airport', 'Bakehouse (Wan Chai)', 'iSQUARE', 'Hong Kong Disneyland', 'Toy Story Land', 'Happy Valley Racecourse', 'Hong Kong Museum of Medical Sciences', 'Kai Tak Commercial Building', ""St John's Cathedral"", 'Man Mo Temple', 'Yaumatei Tin Hau Temple', 'Tai Po', 'Sha Tin Che Kung Temple', 'Central']"
7360675006101179654,"['Ocean Park', 'Hong Kong Disneyland', 'Demon Grove']"
7360681639803931920,"['Hong Kong International Airport', 'iclub Wan Chai Hotel']"
7360709172574539028,"['Tian Tan Buddha', 'Lantau Island', 'Ngong Ping Village', 'Tai Mo Shan', 'Po Lin Monastery', 'Tsz Shan Monastery']"
7361112041878195462,"['Hong Kong International Airport', 'Avenue Of Stars']"
7361234422135409926,"['Hong Kong Disneyland', 'Victoria Harbour', 'Hong Kong International Airport', 'Panda Hotel', 'Hong Kong Cultural Centre', 'Tsim Sha Tsui', 'The Peninsula']"
7361243563587357957,"['Victoria Harbour', 'Hong Kong Disneyland', 'Ngong Ping', 'Hong Kong International Airport', 'Hyatt Centric', 'Travelodge Kowloon', 'The Peak Tram', 'Ngong Ping 360']"
7361367412224167201,"['Villepin', 'Observation Wheel', 'Museum of Art', 'Central', 'MOMA']"
7361509663269080325,"['Victoria Peak', 'The Peninsula', 'Victoria Harbour', 'Clock Tower', 'Museum of Art', 'Monster Building', 'Chi Lin Nunnery', 'The Peak Tram', 'The Peak Tower', 'Nan Lian Garden', 'Hong Kong Disneyland']"
7361795189360397574,"['Victoria Peak', 'Cheung Hing Kee Shanghai Pan Fried Buns', 'Bakehouse (Wan Chai)', 'Victoria Harbour']"
7361796013331631366,"['Ngong Ping 360', 'Ping Shan', 'Ngong Ping Village', 'Ngong Ping', 'Lantau Island', 'Tian Tan Buddha']"
7361843574050262292,"['Hong Kong Disneyland', 'Museum of Art']"
7361945197288180998,"['Hong Kong International Airport', 'Po Lin Monastery', 'The Peak Tram', 'K11 MUSEA', 'Avenue Of Stars', 'Victoria Harbour', 'Mong Kok']"
7362129487133166866,"['Monster Building', 'Man Mo Temple', 'Victoria Harbour', 'K11 MUSEA', 'Chungking Mansions', 'Tsim Sha Tsui', 'Kai Kai Dessert', 'Lan Kwai Fong']"
7362189781024967956,"['Victoria Peak', 'Victoria Harbour']"
7362364273894460677,"['Bakehouse (Wan Chai)', 'Causeway Bay', 'North Point', 'K11 MUSEA', 'Hong Kong International Airport']"
7362532447315266822,"['Chai Wan', 'Tsim Sha Tsui']"
7362582582728412422,"['K11 MUSEA', 'Hong Kong Park', 'Wong Tai Sin Temple', 'Lion Rock', 'Hong Kong Zoological and Botanical Gardens', 'Monster Building', 'Avenue Of Stars', 'Choi Hung Estate', 'Victoria Peak']"
7362879371696278789,"['iSQUARE', 'Hong Kong Disneyland', 'Tsing Ma Bridge', 'Tsim Sha Tsui Station']"
7363021112105651474,"['Hong Kong Disneyland', 'Adventureland']"
7363854102696103174,"['Hong Kong Disneyland', 'Ngong Ping', 'Victoria Peak', 'Chi Lin Nunnery', 'Central', 'Avenue Of Stars']"
7364397876526451974,"['Hong Kong Disneyland', 'Conrad Hong Kong']"
7364418884100836613,"['Harbour City', 'Tsim Sha Tsui', 'K11 MUSEA', 'Macdonnell Rd', 'Regent']"
7364425584207793413,"['Hong Kong International Airport', 'Tsim Sha Tsui', '阿四快餐']"
7364465282250804488,"['Central', 'Bakehouse (Wan Chai)']"
7364564337060531461,"['Hong Kong International Airport', 'Hong Kong Disneyland']"
7364593624501193990,"['Causeway Bay', 'Oriental 188 Shopping Centre', 'Hong Kong Cultural Centre']"
7364683084760993029,"['Hong Kong International Airport', 'EPARK COFFEE', 'Wing Hap Lung Restaurant', 'Prince Edward']"
7364694341610163461,"['Tai Cheong Bakery', 'Bakehouse (Wan Chai)']"
7364700165657201925,"['Hennessy Rd', 'The Peak Tram', 'Central']"
7365116117221788934,"['Hong Kong International Airport', 'Lucky Star Coffee Shop', 'Hong Kong Disneyland']"
7365141877076577537,"['Hong Kong International Airport', 'Hong Kong Disneyland']"
7365158997894122757,"['Tai O', 'Lantau Island', 'Tai O Rural Committee Square', 'Yau Ma Tei', 'Tung Chung Station', 'Central', 'Citygate Outlets', 'Tai Tam Reservoir', 'Tai O Rd', 'Victoria Harbour', 'Kat Hing St', 'Tai O Market St', 'Tai O Bakery']"
7365483687997181191,"['Man Mo Temple', 'Victoria Harbour', 'K11 MUSEA']"
7365491731925585159,"['One Dim Sum', 'Prince Edward Station']"
7365631667794431237,"['Kung Wo Beancurd Factory', ""Duddell's""]"
7365682791444466950,"['Sky 100', 'Lantau Island', 'Ngong Ping 360', 'Hong Kong International Airport']"
7365733212661861638,"['Ngong Ping', 'Ngong Ping 360']"
7366230438995643654,"['Central', 'SOGO', 'Hong Kong International Airport']"
7366274745043602708,"['Hong Kong Disneyland', 'Central', 'Lantau Island', 'Man Mo Temple', 'Cross Harbour Tunl', 'Madame Tussauds']"
7367351642515229998,"['Victoria Harbour', 'Hong Kong Park', 'Tsim Sha Tsui Fire Station']"
7367555305544158469,"['North Point', 'Victoria Harbour', 'Hyatt Centric']"
7367592551248956677,"['Hong Kong Disneyland', 'Central Rd', 'Lucky Star Coffee Shop', ""Mak's Noodle""]"
7367616971023699206,"['Avenue Of Stars', 'Victoria Harbour']"
7367897485114625298,"['Lantau Island', 'Victoria Peak']"
7368330286234422533,"['Hong Kong International Airport', 'Victoria Peak', 'Sky 100', 'Causeway Bay', 'Staunton St', 'Observation Wheel']"
7368466594181270789,"['The Peak Tram', 'Tram View Café', 'Kennedy Rd', 'Victoria Peak', 'Madame Tussauds', 'Tai Mo Shan']"
7368651400651230506,"['World Trade Centre', 'Cross Harbour Tunl', 'Hong Kong Traditional Food']"
7368764424582073607,"['The Peak Tram', 'Central', 'Admiralty', 'Madame Tussauds', 'Barker Rd', 'Victoria Peak']"
7369375232500452609,"['SOGO', 'Bakehouse (Wan Chai)', 'Victoria Peak', 'The Peak Tram', 'Mid-Levels', 'Kowloon']"
7369396283896761643,"['Harbour Grand', 'Fortress Hill', 'Monster Building', 'Kowloon Park', 'OZONE', 'Victoria Harbour']"
7369587242630663444,"['Central', 'Yaumatei Tin Hau Temple', 'Observation Wheel', 'The Peninsula']"
7369610320219835691,"['Hong Kong Disneyland', 'Main Street USA', 'Big Grizzly Mountain Runaway Mine Cars', 'Toy Story Land', 'World of Frozen', 'Tomorrowland']"
7369921014618246407,"['Hong Kong Disneyland', 'Ngong Ping']"
7370197951701847302,"['Hong Kong Disneyland', 'World of Frozen']"
7370238829069913349,"['Ngong Ping 360', 'Victoria Peak', 'Ngong Ping']"
7370311156122029318,"['Hong Kong International Airport', 'Ngong Ping 360', 'Ngong Ping']"
7370370134755560710,"['The Peak Tram', 'Victoria Peak', 'Victoria Harbour']"
7370834450520788232,"['Po Lin Monastery', 'Lan Fong Yuen']"
7371069739780541712,"['Hong Kong International Airport', 'Hong Kong Disneyland', 'Central']"
7371077595762593029,"['The Peak Tram', 'Victoria Peak', 'Victoria Harbour', 'The Peninsula']"
7371456150174223622,"['Ngong Ping', 'Hong Kong Disneyland']"
7371468057354521861,"['Observation Wheel', 'Sky 100']"
7371750002848189702,"['The Peak Tram', 'Victoria Peak', 'May Rd', 'The Peak Tower']"
7371783297468337414,"['Ngong Ping Village', 'Yau Ma Tei', 'Lai King', 'Central Station', 'Tung Chung Station', 'Ngong Ping 360', 'Sky 100', 'Lantau Island', 'Ngong Ping', 'Ngong Ping Piazza', 'Tian Tan Buddha', 'Po Lin Monastery']"
7371837514639772948,"['Hong Kong International Airport', 'Ngong Ping 360', 'Ngong Ping', 'Ngong Ping Village', 'Po Lin Monastery', 'Tai Po', 'Lantau Island']"
7372050172035009797,"['Mong Kok', 'Victoria Peak', 'Hong Kong Disneyland']"
7372149230057590034,"['Hong Kong International Airport', 'Yat Lok Restaurant', 'Kwan Kee Claypot Rice']"
7372169514873523462,"['Admiralty', 'Tsim Sha Tsui', 'Causeway Bay']"
7372449822059547910,"[""Kam's Roast Goose"", 'Wan Chai']"
7372473719022734598,"['Yau Ma Tei', 'Kowloon', 'Temple St', ""Ladies' Market"", 'Nathan Rd', 'Yau Ma Tei Station']"
7372688248369466666,"['Wai Kee', 'Mong Kok', 'Yan Ching St']"
7372777452298308869,"['Mong Kok', 'Bute St']"
7372909325557288198,"['West Kowloon Cultural District', 'M+']"
7373163992350510342,"['Sai Ying Pun', 'ArtLane', 'Des Voeux Rd', 'Sun Yat Sen Memorial Park', ""Queen's Road""]"
7373254386354507025,"['Lantau Island', 'Cheung Chau', 'Ngong Ping 360', 'Tai Mo Shan', 'Tian Tan Buddha', 'Tai O', 'Tai O Bakery', 'Wo Yick Mansion']"
7373489530273385733,"['Lantau Island', 'Mong Kok', 'Tung Chung', 'Tai O', 'Tai O Lookout', 'Po Lin Monastery', 'Tian Tan Buddha', 'Ngong Ping', 'Ngong Ping 360', 'The Peak Tower']"
7373524354488962305,"['Nan Lian Garden', 'Man Mo Temple', 'Avenue Of Stars', 'Tai Lam Chung Reservoir', 'Tsz Shan Monastery']"
7373561837842992389,"['Hong Kong International Airport', 'Hong Kong Disneyland']"
7373735890327276832,"['Tian Tan Buddha', 'Ngong Ping']"
7373874163020451077,"['Sneakers Street', 'Ngong Ping', 'Ocean Park', 'Hong Kong Disneyland', 'Victoria Harbour']"
7373933509083172102,"['Hong Kong International Airport', 'Stanford Hillview Hotel', 'Hong Kong Disneyland', 'Tai Tam Reservoir', 'Man Mo Temple', 'Villepin']"
7374055833627266322,"['Sha Tin Che Kung Temple', 'Tai Kok Tsui', 'T Square']"
7374081601837288710,"['Hong Kong International Airport', 'Causeway Bay Station', 'Hong Kong Island', 'Causeway Bay']"
7374328271963507974,"['Hong Kong International Airport', 'Kowloon', 'Long Ping Station']"
7374561691931069701,"['Ngong Ping', 'Ngong Ping 360', 'Lantau Island', 'Tung Chung', 'Victoria Peak']"
7374785081686150405,"['Hong Kong Disneyland', 'Victoria Harbour']"
7374976332163321094,"['Po Lin Monastery', 'Ngong Ping', 'Lantau Island', 'Tai Po', 'Tian Tan Buddha']"
7375642025254800646,"['Tsing Ma Bridge', 'The Peak Tram', 'The Peak Tower', 'Tsim Sha Tsui', 'Avenue Of Stars']"
7375772013589253396,"['Ngong Ping 360', 'Ngong Ping', 'Tung Chung', 'Lantau Island', 'Tai Po', 'Tian Tan Buddha', 'Po Lin Monastery', 'Ngong Ping Cable Car Station']"
7375778015638211845,"['Hong Kong Disneyland', 'The Peak Tram', 'Victoria Harbour', 'Hong Kong International Airport']"
7375810255353105669,"['Masterbeef', 'Causeway Bay']"
7376115481519983889,"['Hong Kong Disneyland', 'Hashtag B', 'Hong Kong International Airport']"
7376116543907745030,"['Tian Tan Buddha', 'Lantau Island', 'Ngong Ping', 'Stanley', 'Sukiya']"
7376158397730671880,"['Central', 'The Peninsula', 'Temple St', 'Harbour City', 'Hong Kong Science Museum', 'Museum of Art', 'The Peak Tram', ""Prince's Building"", 'Exchange Square', 'Ngong Ping 360', 'Victoria Peak', 'Lantau Island', 'Hong Kong Disneyland']"
7376432669468527877,"['Hong Kong Macau Ferry Terminal', 'Tsim Sha Tsui', 'Lamma Island', 'Yung Shue Wan', 'Mr. Ma & Restaurant', 'Victoria Prison', 'Tai Kwun', 'Jordan Station', 'Temple Street Night Market']"
7376565937450896645,"['Mong Kok', ""Ladies' Market""]"
7376567034882133266,"['Hong Kong Disneyland', 'Mong Kok Station', 'Mong Kok', 'Main Street Corner Café', 'World of Frozen', ""Tarzan's Treehouse"", 'Big Grizzly Mountain Runaway Mine Cars']"
7376604464213462273,"['Hong Kong International Airport', 'Hong Kong Disneyland', 'Victoria Harbour']"
7376637458043161862,"['Tsing Ma Bridge', 'Victoria Peak', 'Ngong Ping 360']"
7376794243412577541,"['Avenue Of Stars', 'Dragon Centre', 'Lady BoBo', 'Sha Kok Station']"
7377022289914776837,"['Citygate Outlets', 'Tsim Sha Tsui', 'Central', 'Kai Kai Dessert', 'Choi Hung Estate', 'Nan Lian Garden', 'Po Lin Monastery', 'Bakehouse (Wan Chai)', 'Sneakers Street']"
7377267331094957317,"['Kokoro Tokyo Mazesoba', 'Hong Kong Palace Museum', 'Arena Kitchen', 'Ho Hung Kee']"
7377286490495241477,"['Lai King', 'Lai King Station', 'Sunny Bay Station', 'Tsim Sha Tsui', 'Tsim Sha Tsui Station', 'Diamond Hill', 'Diamond Hill Station', 'Tung Chung Station', 'Tung Chung']"
7377454409917222161,"['Po Lin Monastery', 'Tai O', 'Tai Po', 'Ngong Ping Village', ""Prince's Building""]"
7377683537090104581,"['Temple St', 'Temple Street Night Market']"
7377694101086457094,"['Lantau Island', 'Ocean Park', 'Hong Kong Disneyland']"
7377730377273724165,"['Hong Kong Disneyland', 'Hong Kong International Airport', 'Hong Kong Island', 'The Peak Tram', 'Victoria Peak', 'Madame Tussauds', 'Kowloon Public Pier', 'Tsim Sha Tsui', 'Animation Academy']"
7377746724498050346,"['Tai Mo Shan', 'Lantau Island', 'Po Lin Monastery']"
7377833804850810143,"['Times Square', 'Hollywood Rd']"
7378530611587271954,"['Tai O', 'Wong Tai Sin', 'Lantau Island', 'Wong Tai Sin Temple', 'Yaumatei Tin Hau Temple', 'Che Kung Temple Station', 'Sha Tin Che Kung Temple', 'Hung Hom Kwun Yum Temple', 'Victoria Park', 'Hong Kong Disneyland']"
7378682861383142699,"['Lung Fung Mall', 'Central']"
7378834765165759750,"[""Aberdeen Fisherman's Wharf Pier 6"", 'Aberdeen', 'Hong Kong International Airport', ""Duddell's""]"
7379093133142805761,"['Ngong Ping Village', 'Ngong Ping', 'Lantau Island', 'Yung Shue Wan', 'Po Lin Monastery']"
7379248718475808017,"['Victoria Peak', 'The Peak Tower', 'Hong Kong Cultural Centre']"
7379327444488178950,"['Observation Wheel', 'Ocean Park', 'Jordan']"
7379477319850740997,"['Baked Tai Hang', 'Bakehouse (Wan Chai)', 'Causeway Bay']"
7379563735276358918,"['Ngong Ping Village', 'Tian Tan Buddha', 'Lantau Island']"
7379583303218711813,"['Hong Kong Disneyland', 'Victoria Peak', 'Tai Po', 'Tai O']"
7379593477656448264,"['The Peak Tower', 'Victoria Peak']"
7379766978979843333,"['Lady BoBo', 'Kung Fu Tea']"
7379832839317081361,"['K11 MUSEA', 'K11 ARTMALL']"
7379931218739055878,"['Victoria Peak', 'Kowloon Park Dr', 'Hong Kong Disneyland']"
7379992641716407557,"['Hong Kong Cultural Centre', 'Potion House']"
7380235101591932165,"['Central', 'Hong Kong Park', ""St John's Cathedral"", 'Cheung Kong Park']"
7380328207834320174,"['Lo Wu', 'Citywalk', 'Hong Kong International Airport']"
7380503174349589765,"['Sheung Wan', 'Tin Hau', 'Ngong Ping 360', 'Kung Fu Tea', 'Sky 100', 'Tai O', 'Tung Chung Station', 'Wan Chai', 'Grand Hyatt']"
7381048327040683272,"['Kennedy Town', 'New Praya']"
7381401420643290374,"['Tsing Ma Bridge', 'Victoria Harbour', 'Hong Kong Disneyland', 'Hong Kong International Airport']"
7381447703353445640,"['Tsim Sha Tsui', 'Victoria Harbour', 'Monster Building', 'Kai Tak Commercial Building', 'Lan Kwai Fong', 'Bird Market', 'Choi Hung Estate', 'Hong Kong Heritage Museum', 'Cheung Hing Kee Shanghai Pan Fried Buns', 'Victoria Peak', 'Hong Kong Disneyland']"
7381447715487534337,"['Hong Kong Disneyland', 'Hong Kong International Airport', 'Victoria Peak', 'Sky 100']"
7381484202216197384,"['Victoria Harbour', 'Hong Kong International Airport']"
7381765776606465286,"['Hong Kong Disneyland', 'Ngong Ping 360', 'Victoria Peak', 'Hong Kong International Airport', 'Tai O', 'Victoria Harbour', 'The Peak Tram', 'Tsim Sha Tsui', 'The Peak Tower', 'Mong Kok', 'Big Grizzly Mountain Runaway Mine Cars', 'Ngong Ping Village', 'Ngong Ping', 'Po Lin Monastery', 'Lantau Island', 'Tian Tan Buddha', 'Hong Kong Cultural Centre', 'Choi Hung Estate', 'Observation Wheel']"
7381766540485496069,"['Hing Kee Restaurant', 'Yau Ma Tei', 'Temple St', 'Hung Kee Seafood Restaurant']"
7381797520998927622,"['Hong Kong International Airport', 'Observation Wheel', 'Queen St']"
7381890881957154055,"['Central Market', 'Sheung Wan', 'Monster Building', 'Yue Po Chai Antique Co.', 'Choi Hung Estate', 'Tai Kwun', 'Victoria Harbour', 'Lan Fong Yuen', 'Kennedy Town', 'New Praya']"
7381997935447395590,"['Victoria Peak', 'The Peak Tram', 'Tai O']"
7382120610287176981,"['Hong Kong International Airport', 'Lee Garden', 'SOGO']"
7382205003840163114,"['Tai Mo Shan', 'Lamma Island', 'Victoria Peak']"
7382218358168538376,"['Victoria Peak', 'Central-Mid-Levels Escalators', 'Central Market', 'Central']"
7382586626691616033,"['Causeway Bay', 'Hong Kong Park', 'Ngong Ping']"
7382892532532808966,"['Hung Hom Station', 'Tai O', 'Yau Ma Tei', 'Hong Kong-Zhuhai-Macao Bridge', 'Tai Mo Shan']"
7383100646519541024,"['Observation Wheel', 'Victoria Harbour']"
7383192882942987526,"['Victoria Peak', 'Victoria Harbour']"
7383679193000840466,"['Tsing Ma Bridge', 'Hong Kong International Airport', 'Nathan Rd', 'Madame Tussauds', 'Hong Kong Disneyland', 'Victoria Peak']"
7383782757475929351,"['Hong Kong Disneyland', 'Tsuen Wan', 'Central']"
7383969959640190226,"['Ngong Ping 360', 'Tian Tan Buddha', 'Tai O', 'Lantau Island', 'Ngong Ping Village']"
7384338025184070917,"['Hong Kong International Airport', 'Hong Kong Disneyland']"
7384369983440129281,"['Hong Kong International Airport', 'Lantau Island', 'Hong Kong Disneyland']"
7384797973282180357,"['Temple St', 'The Peak Tower', 'Hong Kong Observation Wheel', 'Observation Wheel', 'Victoria Harbour']"
7384809760266210566,"['Sun Hing Restaurant', '% Arabica', 'Chukfo Taipan Restaurant', 'Causeway Bay', 'Observation Wheel']"
7384875887868579090,"['East Tsim Sha Tsui', 'LOUIS VUITTON']"
7384962282100395285,"['Lantau Island', 'Hong Kong-Zhuhai-Macao Bridge', 'Yun Ping Rd']"
7385029834210151688,"['Victoria Peak', 'Citygate Outlets', 'Hong Kong Science Museum', 'Tung Chung Development Pier', 'Sky 100', 'Lantau Island', 'Tian Tan Buddha', 'Ngong Ping Village', 'Ngong Ping', 'Po Lin Monastery', 'Tai Po', 'Museum of Art']"
7385062820087368976,"['Hong Kong International Airport', 'Victoria Peak', 'Lantau Island', 'Po Lin Monastery', 'Tian Tan Buddha']"
7385367160023010568,"['Hong Kong International Airport', 'The Silveri', 'Causeway Bay', 'Sneakers Street', 'Hong Kong Disneyland', 'Ngong Ping 360', 'Ngong Ping Village', 'Central', 'Victoria Peak', 'Tsim Sha Tsui', 'Mong Kok']"
7385376734620765461,"['Tsim Sha Tsui', 'Victoria Harbour']"
7385543598705495313,"['Happy Valley Racecourse', 'Hong Kong Disneyland']"
7385643937681411374,"['Tai Tam Reservoir', 'Victoria Park']"
7386078925723553030,"['Victoria Prison', 'Tai Kwun', 'Lamma Island', 'Mr. Ma & Restaurant', 'Kamikaze Cave', 'Pichic Bay', 'Lantau Island', 'Tung Chung Station']"
7386099988058688786,"['Hong Kong Ocean Park Marriott Hotel', 'Disney Explorers Lodge']"
7386182426340510983,"['Lockhart Rd', 'Victoria Peak']"
7386193943915973905,"['Central', 'Transformers The Ark', 'Victoria Harbour']"
7386257526670527745,"['Central', 'Tai Wai']"
7386306761898167583,"['Hong Kong Macau Ferry Terminal', 'Sheung Wan', 'ifc mall']"
7386495489329351954,"['Hong Kong Disneyland', 'Jungle River Cruise']"
7386591681434389767,"['Hong Kong International Airport', 'Hong Kong Disneyland']"
7387368289204309265,"['Victoria Harbour', 'Lan Kwai Fong', 'Hong Kong International Airport', 'One One Roast Goose Restaurant', 'Hong Kong Disneyland', 'Kennedy Town', 'Fringe Club']"
7387590557364702470,"['Hong Kong International Airport', 'Victoria Harbour']"
7387681176967761159,"['Tin Hau Station', 'Sister Wah Beef Brisket']"
7387724284824866053,"['Bakehouse (Wan Chai)', 'Vission Bakery']"
7388448595395022088,"['Hotel ICON', 'The Hong Kong Polytechnic University']"
7388764734197189904,"['Hong Kong International Airport', 'The Peak Tram']"
7388864519545605409,"['Victoria Peak', 'Ngong Ping', 'Lantau Island', 'Tai O']"
7388877780651461905,"['Ngong Ping', 'Tai Po', 'Yaumatei Tin Hau Temple', 'Lantau Island']"
7389226199723101456,"['Observation Wheel', 'Victoria Harbour']"
7389616598392294689,"['Kowloon Park', 'Victoria Park', 'Hong Kong Park']"
7389653593130945810,"['Hong Kong Disneyland', 'Observation Wheel', 'Central Ferry Pier']"
7389986795523476741,"['The Peak Tram', 'Victoria Peak']"
7390135284077202694,"['Causeway Bay', 'Times Square']"
7390599172984261906,"['Old Hong Kong', 'The Peninsula']"
7390693278342974727,"['Bakehouse (Wan Chai)', 'Stone Slab Street', 'Tai Kwun', 'Halfway Coffee', 'Monster Building']"
7390964502747008261,"['Ocean Park', 'The Grand Aquarium', 'Hong Kong Disneyland', 'North Pole Encounter', 'Old Hong Kong']"
7391101384785005840,"['Hong Kong International Airport', 'Hong Kong Station']"
7391137210336103697,"['Tsim Sha Tsui Station', 'Bakehouse (Wan Chai)', 'Hong Kong Cultural Centre', 'East Tsim Sha Tsui', 'Ngong Ping 360', 'Ngong Ping Village', 'Lantau Island', 'Tian Tan Buddha']"
7391180989935963410,"['Hong Kong International Airport', 'Ngong Ping 360', 'Citygate Outlets', 'Ngong Ping Village', 'Hong Kong Disneyland', 'Ocean Park', 'LEGOLAND Discovery Centre', 'Tsim Sha Tsui', 'Avenue Of Stars', 'The Peninsula', 'Monster Building']"
7391439629246893319,"['Ngong Ping', 'Tian Tan Buddha']"
7391764851527290130,"['Hong Kong Disneyland', 'Hong Kong International Airport', 'Ngong Ping 360', 'Victoria Peak', 'Mong Kok']"
7392093532539981073,"['Eaton HK', 'Hong Kong-Zhuhai-Macao Bridge']"
7392246256413756680,"['Yat Lok Restaurant', 'Central', 'Mong Kok']"
7392271896923983137,"['Hong Kong International Airport', 'Man Mo Temple']"
7392544338586209537,"['Sense Coffee', 'Lan Fong Yuen', 'Kau Kee', 'Star Ferry Pier', 'Avenue Of Stars', 'Temple Street Night Market']"
7392863491784232210,"['North Point', 'Hong Kong Disneyland']"
7392963741542862096,"['Halfway Coffee', 'Man Mo Temple', 'Central Market', 'Tai Cheong Bakery', 'Sha Tin']"
7393248613784096032,"['Hyatt Centric', 'North Point', 'The University of Hong Kong', 'Monster Building', 'Cruise Restaurant & Bar']"
7393264437525892369,"['Plaza Hollywood', 'Causeway Bay']"
7393321723187170561,"['Tai O', 'Hong Kong Disneyland', 'Hong Kong International Airport', 'Sai Ying Pun', 'Best Western Plus Hotel', 'Victoria Harbour', 'Avenue Of Stars']"
7393360245529054482,"['Tsim Sha Tsui', 'Clock Tower', '1881 Heritage']"
7394078816810863877,"['Kwun Tong', 'Kowloon']"
7394475945907801361,"['Victoria Peak', 'Hong Kong Disneyland', 'Lantau Island']"
7394484983584312608,"['Graham St', 'Temple Street Night Market']"
7394720362040151303,"['Hong Kong Disneyland', 'Hong Kong International Airport']"
7394837424930671892,"['Quarry Bay', 'Mong Kok', 'Jordan', 'Kam Chung Commercial Building', 'Ocean Park', 'Central']"
7395088266099264800,"['Victoria Peak', 'Lantau Island', 'Tian Tan Buddha', 'Tai Mo Shan']"
7395997170589011232,"['Victoria Peak', 'Po Lin Monastery', 'Temple St', ""King's Rd"", 'Repulse Bay', 'Tai O', 'Hong Kong Park', 'Ngong Ping']"
7396930847825284360,"['Harbour City', 'Hong Kong Disneyland']"
7397025541376724230,"['Central', 'Tsim Sha Tsui', 'Yau Ma Tei', 'Lai King', 'Causeway Bay', 'Jordan', 'Tin Hau', 'Admiralty', 'Sunny Bay Station', 'Mong Kok', 'Hong Kong Disneyland', 'Sheung Wan', 'Tsing Yi', 'Wan Chai', 'Kowloon', 'Hong Kong International Airport']"
7397072575601396997,"['Avenue Of Stars', 'Victoria Harbour', 'Hong Kong Disneyland']"
7397088393055702290,"['Kowloon', 'Tsim Sha Tsui Station']"
7397109670864784658,"['The Peninsula', 'Bakehouse (Wan Chai)', 'Avenue Of Stars', 'Monster Building', 'Victoria Peak', 'Choi Hung Estate', 'Central-Mid-Levels Escalators', 'Hong Kong Cultural Centre', 'Hong Kong Disneyland']"
7397344983717596434,"['Madame Tussauds', 'The Peak Tram', 'Victoria Peak', 'The Peak Tower']"
7397783616589204742,"['Observation Wheel', 'Star Ferry Pier', 'Villepin']"
7398068832805342465,"['Sky 100', 'Lantau Island', 'Ngong Ping', 'Tian Tan Buddha', 'Po Lin Monastery']"
7398140474931858694,"['Transformers The Ark', 'Times Square']"
7398148087891365125,"['Victoria Harbour', 'Ngong Ping', 'Victoria Peak', 'Ngong Ping 360', 'Ngong Ping Cable Car Station', 'Lantau Island', 'Ngong Ping Village', 'Buddhist World in the South Archway', 'Tai O', 'Wah Tao Seafood Restaurant', 'Tung Chung']"
7398317543343000852,"['Whampoa', 'Observation Wheel']"
7398407606563343632,"['Ngong Ping Village', 'Tai Mo Shan']"
7398489692561231124,"['Australia Dairy Company', 'Mak Man Kee Noodle Shop', 'Tung Tat']"
7398542263091088658,"['Victoria Harbour', 'The Peninsula']"
7398904255131749640,"['Victoria Harbour', 'Avenue Of Stars', 'M+', 'Central Ferry Pier']"
7399281319504563472,"['Tsing Ma Bridge', 'Victoria Harbour', 'LEGOLAND Discovery Centre']"
7399281831369018642,"['Hong Kong Disneyland', 'Ocean Park', 'Ngong Ping', 'Ngong Ping 360', 'Ngong Ping Village', 'Temple St', 'Avenue Of Stars', 'The Peak Tram', 'The Peak Tower', 'Mong Kok', 'Lantau Island']"
7399301707567697184,"['Central', 'Fortress Hill', 'Tai Wong Yeh Temple', 'Man Mo Temple']"
7399590527764647176,"['Hong Kong Disneyland', 'Garden Rd', 'Hong Kong Cultural Centre', 'Victoria Peak']"
7399638628177054983,"['Hong Kong Disneyland', 'Hong Kong International Airport']"
7399639024228502792,"['Central', 'The Peak Tram', 'The Peak Tower', 'Madame Tussauds', 'Times Square', 'Causeway Bay']"
7399832975740816673,"['Mido Café', 'Tai On Coffee & Tea Shop', 'Australia Dairy Company', 'Milk Bar']"
7399936505499634951,"['Victoria Peak', 'Central']"
7400444707593096480,"['Nan Lian Garden', 'Po Lin Monastery']"
7400699671099886854,"['Cheung Hing Kee Shanghai Pan Fried Buns', 'Sister Wah Beef Brisket', 'Dim Sum Square', 'Lin Heung Lau', 'Wah Tao Seafood Restaurant', 'Hong Kong Disneyland', 'Main Street Corner Café', 'Bakehouse (Wan Chai)', 'Ngong Ping Village']"
7401108899644001557,"['Tai O', 'Lei Yue Mun']"
7401190829483707681,"['Lantau Island', 'Tai Mo Shan', 'Temple St', 'LOUIS VUITTON', 'Observation Wheel', 'Hong Kong Disneyland', 'Central', 'Victoria Peak', 'Tian Tan Buddha']"
7401396876773281031,"['Hong Kong International Airport', 'Hong Kong Disneyland', 'ICHIRAN', 'Wan Chai Rd', 'Hong Kong Station']"
7401804660748602629,"['Hong Kong Disneyland', 'Temple Street Night Market', ""Ladies' Market"", 'Clock Tower', 'Causeway Bay', 'K11 MUSEA', 'Avenue Of Stars', 'Kennedy Town', 'Central-Mid-Levels Escalators']"
7401868405239827717,"['World of Frozen', 'Hong Kong Disneyland']"
7402897425561603344,"['Victoria Peak', 'Victoria Harbour']"
7403268068354297106,"['Victoria Harbour', 'Avenue Of Stars', 'Hong Kong Disneyland', 'K11 ARTMALL']"
7403298812732656904,"['Hong Kong International Airport', 'Hong Kong Disneyland', 'Hyperspace Mountain', 'Hong Kong-Zhuhai-Macao Bridge', 'Ngong Ping Village', 'Tsim Sha Tsui', 'The Peninsula']"
7403942355927092487,"['Hong Kong International Airport', 'Ngong Ping 360', 'Lantau Island']"
7404074295288155400,"['Hong Kong Disneyland', 'Ngong Ping 360', 'Ngong Ping Village', 'Mong Kok', 'Sneakers Street', 'Victoria Harbour', 'Clock Tower', 'Kowloon']"
7404437217155829024,"['Kwun Tong', 'Lantau Island']"
7404471144209845536,"['Ocean Park', 'Ngong Ping', 'Ngong Ping 360', 'Hong Kong Disneyland']"
7405113633010715921,"['Tsuen Wan', 'Hong Kong Disneyland']"
7405148456316079377,"['Mong Kok', 'Central']"
7405227354202672402,"['Hong Kong Disneyland', 'Victoria Harbour']"
7405358891619437840,"['Hong Kong International Airport', 'Tsing Ma Bridge']"
7405526318227508488,"['Hong Kong International Airport', 'Hong Kong Disneyland', 'World of Frozen', 'Central']"
7406217517812780294,"['Hong Kong Disneyland', 'Clock Tower', 'The Peak Tram', 'Central-Mid-Levels Escalators', 'Lugard Road Lookout', 'Tian Tan Buddha', 'The Peninsula']"
7406436730468928801,"['Hong Kong Park', 'Nathan Rd']"
7406485409531809041,"['Ocean Park', 'Hong Kong Disneyland']"
7406616988417674504,"['Ngong Ping 360', 'Victoria Harbour', 'Lantau Island', 'Ngong Ping Village']"
7406636194991197447,"['Hong Kong International Airport', 'To Kwa Wan', 'Monster Building', 'Victoria Peak']"
7406939977008925959,"['Mong Kok', 'Hong Kong Disneyland']"
7406943612526660882,"['Hong Kong Disneyland', 'Yat Lok Restaurant', 'Kowloon Taproom', 'Bakehouse (Wan Chai)']"
7407031566502776072,"['The Hong Kong Tourism Board Kowloon Visitor Centre', 'Kowloon', 'Tsim Sha Tsui', 'Hong Kong Disneyland']"
7407868557725388039,"['Chek Lap Kok', 'Hong Kong International Airport', 'Central Station', 'Tsim Sha Tsui', 'Chungking Mansions', 'K11 MUSEA', 'Avenue Of Stars', 'Clock Tower', 'Hong Kong Cultural Centre']"
7408154903064890642,"['Hong Kong Heritage Discovery Centre', 'Xiqu Centre', 'Hong Kong Cultural Centre', 'Wong Tai Sin Temple', 'Tai Po', 'Yaumatei Tin Hau Temple', 'Man Mo Temple', 'Choi Hung Estate', 'Victoria Harbour']"
7408172614394367233,"['Hong Kong Disneyland', ""Disney's Hollywood Hotel"", 'Tomorrowland']"
7408282404353232161,"['ICHIRAN', 'SHARI SHARI Kakigori House', 'Causeway Bay']"
7408369438765960456,"['Hong Kong Disneyland', 'Monopoly Dreams']"
7408399074438794501,"['Ngong Ping 360', 'Tung Chung', 'Ngong Ping Village', 'Po Lin Monastery', 'Lantau Island', 'Tai Mo Shan']"
7408520009372257554,"['The Peak Tram', 'Madame Tussauds', 'The Peak Tower', 'The Peak Galleria', 'Canton Rd']"
7408594080667749639,"['Hong Kong Disneyland', 'World of Frozen', 'Adventureland', 'Tomorrowland', 'Space Traders']"
7408603635841649928,"['Hong Kong Disneyland', 'The Ritz-Carlton', 'Lantau Island', 'Po Lin Monastery', 'Tsing Ma Bridge']"
7408774839739190534,"['Victoria Peak', 'The Peak Tram']"
7408883700445826310,"['Ngong Ping', 'Tian Tan Buddha', 'Tai Mo Shan', 'Po Lin Monastery', 'Lantau Island', 'Tai Po', 'Tsz Shan Monastery', 'Tai O']"
7408911669516340487,"['iSQUARE', 'The Peak Tram', 'Victoria Peak', 'The Peak Tower', 'Stone Slab Street', 'Tai Kwun', 'Central-Mid-Levels Escalators', 'Causeway Bay']"
7409169025114115346,"['Hong Kong Disneyland', 'Victoria Peak']"
7409250262939897095,"['Sky 100', 'The Ritz-Carlton', 'ifc mall', 'Hong Kong Convention and Exhibition Centre', 'Hang Lung House', 'Hong Kong Cultural Centre']"
7409261111440084242,"['Hong Kong International Airport', 'Hong Kong Disneyland']"
7409411558117362962,"['Hong Kong Disneyland', 'Shek Tong Tsui']"
7409649132320656658,"['Ngong Ping', 'Lantau Island', 'Ngong Ping Village', 'Tian Tan Buddha', 'Po Lin Monastery', 'Tai Po', 'Mong Kok', 'Sneakers Street', ""Ladies' Market"", 'Tsim Sha Tsui', 'Chungking Mansions']"
7409955994341494024,"['Sha Tin Che Kung Temple', 'Wong Tai Sin Temple', 'Tin Hau and Kwun Yum Statues', 'Chi Lin Nunnery', 'Yaumatei Tin Hau Temple', 'Hung Hom Kwun Yum Temple', 'Tsz Shan Monastery', 'Man Mo Temple']"
7410023714969947400,"['Ngong Ping', 'Victoria Harbour']"
7410043340919442696,"['Tsing Ma Bridge', ""Hong Kong Fisherman's Wharf"", 'Chungking Mansions']"
7410261422812204306,"['iSQUARE', 'The Peninsula']"
7410277482185624840,"['Hong Kong Disneyland', 'Bakehouse (Wan Chai)', 'Hong Kong International Airport']"
7410379161518279943,"['Hong Kong Disneyland', 'Tsim Sha Tsui']"
7410404233893268741,"['Hong Kong Correctional Services Museum', 'Kowloon']"
7410543459494300934,"['Tian Tan Buddha', 'Bakehouse (Wan Chai)']"
7410550296679550238,"['Tai Mo Shan', 'Lantau Island', 'Stanley']"
7410605082338692394,"['Tian Tan Buddha', 'Lantau Island']"
7410694299425230096,"['Ngong Ping 360', 'Ngong Ping']"
7410792743775046920,"['Lan Kwai Fong', 'Victoria Peak']"
7410836297847295248,"['Hong Kong Disneyland', 'Victoria Peak']"
7411168902748654855,"['Tsing Ma Bridge', 'Sun Wui Rd', 'Hong Kong Disneyland', 'Central']"
7411368748596088085,"['Wu Zhi Jian Beef Noodles', 'Masjid Ammar and Osman Ramju Sadick Islamic Centre', 'Wai Kee Halal restaurant']"
7411494842095750405,"['Ngong Ping Village', 'Lantau Island', 'Tai O', 'Po Lin Monastery', 'Cable Car Discovery Centre', 'Tuen Mun']"
7411749303795977488,"['Hong Kong Disneyland', 'K11 MUSEA', 'The Peak Tram', 'Tsing Ma Bridge']"
7411754307860696326,"['Lai Chi Kok', 'New World Town Hall']"
7411953980185627910,"['Yat Lok Restaurant', 'Graham St', 'Ping Pong 129', 'Avenue Of Stars', 'Central', 'ChorLand Cookfood Stall']"
7412119996026899730,"['Ocean Park', 'Hong Kong Disneyland', 'Tsim Sha Tsui Star Ferry Pier', 'Victoria Peak']"
7412239411481431304,"['Wai Kee Halal restaurant', 'Masjid Ammar and Osman Ramju Sadick Islamic Centre', 'Bakehouse (Wan Chai)', 'LockCha']"
7412265993621261576,"['Museum of Art', 'Hong Kong Space Museum', 'Hong Kong Cultural Centre', 'Kowloon Public Pier', '1881 Heritage', 'Hong Kong Disneyland', 'Chungking Mansions', 'Nathan Rd', 'Hong Kong International Airport']"
7412877314654047493,"['Peel St', 'Villepin']"
7413274445500042542,"['Whampoa', 'Old Hong Kong', 'Hong Kong Disneyland']"
7413379215392804114,"['The Peak Tram', 'Victoria Peak']"
7413395956353453317,"['Victoria Peak', 'Hong Kong Disneyland']"
7413422881750699270,"['Wan Chai', 'Sun King Yuen Curry Restaurant', 'Lee Tung Avenue', 'Sun St', 'The Baker & The Bottleman', ""Kam's Roast Goose""]"
7413596987267894548,"['The Peak Tram', 'Sky 100', 'Victoria Peak']"
7413633485442764052,"['Hong Kong International Airport', 'Hong Kong Disneyland']"
7413690367075306770,"['Braemar Hill Rd', ""Jardine's Lookout"", 'Victoria Peak', 'Hong Kong Island']"
7414030168685137158,"['Hong Kong International Airport', 'Hong Kong Disneyland']"
7414034501438885138,"['Hong Kong Disneyland', 'The Peak Tram', 'Victoria Peak', 'Lin Heung Lau', 'Mini Central', 'Lan Fong Yuen']"
7414049173198196000,"['Museum of Art', 'Sky 100']"
7414094788598811910,"['Tsim Sha Tsui', 'Kowloon Park', 'Bakehouse (Wan Chai)']"
7414450290608377093,"['One Dim Sum', ""Kam's Roast Goose"", 'Lan Fong Yuen']"
7414498741677247760,"['Hong Kong International Airport', 'Victoria Park', 'Hong Kong Cultural Centre', 'Hong Kong Disneyland']"
7414826374327717127,"['ifc mall', 'K11 MUSEA', 'Hung Hom Station', 'Grand Plaza']"
7414887292927626514,"['Hong Kong Disneyland', 'The Peak Tram', 'Victoria Peak', 'Ocean Park']"
7414898153935195399,"['Sha Tin Che Kung Temple', 'Yaumatei Tin Hau Temple']"
7414950623256333576,"['The Peak Tower', 'Lantau Island']"
7415242070593408257,"['Bakehouse (Wan Chai)', 'Vission Bakery']"
7415427059813567751,"['Central', 'Bakehouse (Wan Chai)']"
7415558667442851080,"['Mong Kok', 'DON DON DONKI', 'Bakehouse (Causeway Bay)', 'Tsim Sha Tsui', 'Causeway Bay']"
7415612491067051272,"['Hong Kong International Airport', 'Hong Kong Disneyland']"
7415616386958920992,"['Lantau Island', 'Tsing Yi', 'Ngong Ping Village', 'Tian Tan Buddha']"
7415801893802315013,"['Hong Kong Convention and Exhibition Centre', 'Tsing Ma Bridge', 'Hong Kong Disneyland', 'Ocean Park']"
7415924149584940294,"['Wan Chai Station', '灣仔順記', 'Wood Rd', 'Masjid Ammar and Osman Ramju Sadick Islamic Centre']"
7415925743282130181,"['Causeway Bay', 'K11 ARTMALL', 'Victoria Harbour', 'Tsim Sha Tsui', 'Shau Kei Wan', 'Mong Kok', 'Hong Kong Disneyland', 'Yau Ma Tei Police Station']"
7415974047483448594,"['Regal Hongkong Hotel', 'The Peninsula', 'Hong Kong International Airport']"
7416011191341862161,"['Hong Kong Disneyland', 'Monopoly Dreams', 'Hong Kong Macau Ferry Terminal']"
7416058962090462496,"['Ngong Ping 360', 'Tian Tan Buddha', 'Causeway Bay']"
7416200196792569093,"['The Peak Tower', 'Victoria Peak']"
7416321335305063685,"['Central', 'Lan Fong Yuen', 'Museum of Art', 'Avenue Of Stars', 'Victoria Harbour', 'K11 MUSEA', 'Tsim Sha Tsui', 'Harbour City', 'Kowloon Park', 'Hong Kong Park', 'M+', 'West Kowloon Art Park', 'Victoria Park']"
7416328031473552660,"['Sunny Bay Station', 'Hong Kong Disneyland']"
7416357368654531847,"['Tsim Sha Tsui', 'Victoria Harbour']"
7416552881303670021,"['Wan Chai', 'Johnston Rd', 'Bakehouse (Wan Chai)', 'Mon Kee Café', 'Star St']"
7416555354835782917,"['Ngong Ping 360', 'Vission Bakery', 'Hong Kong Disneyland', 'Lan Heung Restaurant', 'Kennedy Town', 'Cheung Hing Coffee Shop', 'Tei Mou Koon Dessert', 'TEI MOU KOON Dessert']"
7416645623518203154,"['Temple St', 'Shanghai St', 'Yau Ma Tei']"
7416718218108210440,"['Tai Po', 'Ngong Ping 360', 'Lantau Island', 'Tian Tan Buddha', 'Tsing Yi', 'Lo Pan Temple', ""St Margaret's Church""]"
7417066072945216786,"['Hong Kong Disneyland', 'Ngong Ping 360', 'Po Lin Monastery']"
7417124860037434642,"['Mong Kok', ""Ladies' Market""]"
7417218408095206699,"['Hong Kong International Airport', 'The Peak Tram', 'Victoria Peak']"
7417274022313889042,"['Ngong Ping', 'Ngong Ping 360']"
7417301815626075398,"['Hong Kong Disneyland', 'World of Frozen']"
7417418913517931794,"['Victoria Peak', 'Hong Kong Disneyland']"
7417434600772832517,"['The Peak Tram', 'Hong Kong Science Museum', 'Victoria Peak', 'The Peak Tower']"
7417445676608474373,"['Causeway Bay', 'Bakehouse (Wan Chai)', 'Causeway Bay Station', 'Times Square', 'Rosedale Hotel']"
7417541664417271041,"['Lantau Island', 'Hong Kong Disneyland']"
7417553832286227742,"['Leung So Kee Umbrella', 'Hong Kong Heritage Museum']"
7417572494476889377,"['Victoria Peak', 'Tsing Ma Bridge', 'Lantau Island', 'Ngong Ping', 'Po Lin Monastery', 'Central']"
7417651350927985938,"['Hong Kong International Airport', 'Hong Kong Disneyland']"
7417798044541930753,"['Observation Wheel', 'Causeway Bay']"
7417831797653785874,"['Hong Kong Disneyland', 'Wan Chai', 'Mong Kok', 'Victoria Peak', 'Hong Kong Park', 'Hong Kong International Airport']"
7417856330171469064,"['Tai Tam Reservoir', 'Lantau Island', 'Ngong Ping 360', 'Ngong Ping', 'Ngong Ping Village', 'Tai Mo Shan']"
7417892056246406432,"['Tai Kwun', 'Hong Kong Correctional Services Museum']"
7418016424716782854,"['Tsim Sha Tsui', 'Cheung Kong Park', 'Victoria Peak', ""St John's Cathedral"", 'Temple St']"
7418040673464552711,"['Sheung Wan', 'Kennedy Town']"
7418102157095849222,"['Hong Kong Disneyland', 'Bakehouse (Wan Chai)']"
7418245848519298311,"['The Fleming', 'Wan Chai', 'Wan Chai Station']"
7418414392712203538,"['Hong Kong Disneyland', 'Victoria Harbour']"
7418528391583812880,"['Ngong Ping 360', 'Ngong Ping', 'Po Lin Monastery', 'Lantau Island']"
7418575683334556948,"['Kwai Tsing District', 'Chungking Mansions', 'Granville Rd', 'Po Lin Monastery', 'Hong Kong Disneyland']"
7418645590860483846,"['Hong Kong-Zhuhai-Macao Bridge', 'Hong Kong International Airport']"
7418963209022983431,"['Victoria Dockside', 'Victoria Harbour', 'Central']"
7418967794814848261,"['Victoria Peak', 'K11 MUSEA']"
7419277587660246278,"['Kowloon', 'Nathan Rd', 'Mong Kok', 'Causeway Bay', 'Kennedy Town', 'New Praya']"
7419300370704354566,"['Victoria Harbour', 'K11 ARTMALL']"
7419313008767208711,"['Lantau Island', 'Hong Kong International Airport', 'Hong Kong Disneyland', 'Tomorrowland']"
7419484883661163782,"['The Peak Tram', 'The Peak Tower', 'Victoria Peak']"
7419509345613925637,"['Hong Kong International Airport', 'Victoria Peak', 'Central', 'Avenue Of Stars', 'Victoria Harbour']"
7419593705075543304,"['Hong Kong Disneyland', 'Central', 'Victoria Peak']"
7419678905629494534,"['Victoria Peak', 'Bakehouse (Wan Chai)', 'Bakehouse (Central)', 'Lin Heung Lau', 'Lan Heung Restaurant', 'Kennedy Town', 'The Peak Tram', 'Hong Kong Science Museum', 'Lamma Island', 'The Peak Tower', 'Central Market', 'Lee Tung Avenue']"
7419684795610893574,"['Hollywood Rd', 'Kennedy Town', 'Tsim Sha Tsui', 'AsiaWorld-Expo', 'Hong Kong International Airport', 'Tsing Yi', 'Hong Kong Island', 'Victoria Harbour']"
7419752709617683720,"['Hong Kong International Airport', 'Observation Wheel']"
7419920274423942407,"['Panda Hotel', 'Hong Kong International Airport']"
7420042481770810632,"['Monster Building', 'Golden Bauhinia Square']"
7420278015688543494,"['Sister Wah Beef Brisket', 'Vission Bakery', 'Tsim Sha Tsui', 'Tei Mou Koon Dessert', 'TEI MOU KOON Dessert', 'Temple St', 'Bakehouse (Wan Chai)', 'Lan Heung Restaurant', 'Cheung Hing Coffee Shop', 'Tai Hang Rd', 'Cheung Hing Kee Shanghai Pan Fried Buns', 'Tai Cheong Bakery', 'Mong Kok']"
7420284065237994760,"['Hutong', 'Tsim Sha Tsui']"
7420413327852997895,"['Hong Kong Disneyland', 'World of Frozen']"
7420608941765283114,"['Sister Wah Beef Brisket', 'Causeway Bay']"
7420735176667434245,"['World Trade Centre', 'Exchange Square', 'HSBC Building', 'ifc mall']"
7420827750333680901,"['Ngong Ping 360', 'Hong Kong Disneyland', 'The Peak Tram', 'Ngong Ping', 'Tung Chung Bay', 'Lantau Country Park', 'Nei Nak Shan', 'Tsing Ma Bridge', 'Hong Kong-Zhuhai-Macao Bridge']"
7421096860443626757,"['Hong Kong Disneyland', 'Mong Kok', 'Lai King']"
7421263320549739808,"['Hong Kong Disneyland', 'Yat Lok Restaurant', 'Hong Kong Cultural Centre', 'Hong Kong Convention and Exhibition Centre', 'Centrestage', 'Grand Hyatt', 'British Consulate General', 'Causeway Bay', 'K11 MUSEA', 'Victoria Peak', 'Bakehouse (Wan Chai)']"
7421513228166941958,"['Victoria Harbour', 'Hong Kong-Zhuhai-Macao Bridge', 'Hong Kong International Airport']"
7421714074595036422,"['Hong Kong International Airport', 'Hong Kong Disneyland', 'Victoria Peak']"
7421839335848168712,"['Buddhist World in the South Archway', 'Ngong Ping', 'Lantau Island', 'Ngong Ping 360']"
7422122373895163143,"['Wan Chai', 'Victoria Harbour', 'Star Ferry Pier', 'Avenue Of Stars']"
7422268695554116869,"['The Langham', 'Tsim Sha Tsui', 'Observation Wheel']"
7422316386006928645,"['Hong Kong International Airport', 'Hong Kong Disneyland']"
7422384018642996523,"['Hong Kong International Airport', 'Po Lin Monastery', 'Temple St']"
7422646869425278216,"['Central', 'Hong Kong Disneyland']"
7422662170011389189,"['Hong Kong Disneyland', 'Hong Kong International Airport', 'Luen Fat Restaurant', 'Tei Mou Koon Dessert', 'Kowloon City', 'Sham Shui Po', 'Fuk Wa Camera']"
7422719269219224839,"['Wan Chai', 'Central', 'Sheung Wan']"
7422886667549166866,"['Tsing Yi', 'Hong Kong Disneyland']"
7422950787560541458,"['Observation Wheel', 'Wah Lok Café']"
7422959776138611973,"['Lin Heung Kui', 'Fook Yuen', 'North Point', 'Central', 'Yat Lok Restaurant', 'Kung Wo Beancurd Factory', 'Sham Shui Po', 'Jordan', 'Mak Man Kee Noodle Shop', 'Causeway Bay', 'Tsim Sha Tsui']"
7422960847238008082,"['Wan Chai', 'Capital Café', 'Hong Kong International Airport']"
7423001398087814417,"['Hong Kong Island', 'Kennedy Town Station', '% Arabica', 'New Praya', 'Tsing Ma Bridge', 'Mott 32']"
7423341289262845190,"['The Peak Tram', 'Victoria Peak']"
7423351426824310022,"['The Peak Tram', 'Hong Kong Disneyland']"
7423563708212759815,"['Victoria Harbour', 'Tai O']"
7423627111623101703,"['Hong Kong Disneyland', 'World of Frozen']"
7423802015773478162,"['Citygate Outlets', 'Hong Kong International Airport', 'Hong Kong Disneyland', 'Lantau Island']"
7423927631722204436,"['Ngong Ping 360', 'Ngong Ping', 'Ngong Ping Village']"
7424057327319338246,"['Sun Kee Noodles', 'Causeway Bay', 'SOGO', 'Causeway Bay Station', 'Apliu St', 'New Territories', 'Sun Heung Yuen', 'Lee Tung Avenue', 'Alice Pizza', 'Sun King Yuen Curry Restaurant', 'Shau Kei Wan', 'Central', 'Tai Kwun', 'Victoria Prison', 'On The Hill Coffee Bar', 'Yat Lok Restaurant', 'ifc mall', 'Tsim Sha Tsui', 'Avenue Of Stars', 'The Peninsula', '1881 Heritage', 'Mak Man Kee Noodle Shop', 'Kai Kai Dessert', 'Tsing Ma Bridge', 'Hong Kong International Airport']"
7424082740598902021,"['Central', 'Causeway Bay']"
7424124553493810448,"['Hong Kong International Airport', 'East Tsim Sha Tsui', 'Tsim Sha Tsui', 'Chungking Mansions', 'Prosperous Building', 'THE MATCHA TOKYO', 'SOGO']"
7424352914866474247,"['Hong Kong International Airport', 'Causeway Bay', 'Tsim Sha Tsui Station', 'Victoria Peak', 'The Peak Galleria', 'Nan Lian Garden', 'Hong Kong Disneyland', ""Hong Kong Fisherman's Wharf"", 'Central', 'Tai Kwun', 'Ngong Ping Village']"
7424353136162196754,"['Kowloon', 'Hong Kong International Airport']"
7424482757297933569,"['Victoria Peak', 'The Peak Tram', 'Hong Kong Cultural Centre']"
7424770510921223432,"[""Dragon's Back"", 'Hong Kong International Airport', 'Ngong Ping 360', 'Hong Kong Disneyland', 'Tai Po', 'Lantau Island', 'Tian Tan Buddha', 'Po Lin Monastery', 'Ngong Ping', 'Causeway Bay']"
7424834238626729217,"['Tian Tan Buddha', 'Ngong Ping Village', 'Ngong Ping 360', 'Lantau Island', 'Po Lin Monastery']"
7424956295347703056,"['Hong Kong Science Museum', 'Sky 100']"
7425207560543800577,"['Hong Kong Science Museum', 'Central', 'Victoria Harbour', 'Shangri-La', 'The Peninsula', 'Hong Kong Cultural Centre']"
7425234251366272274,"['Avenue Of Stars', 'Hong Kong Cultural Centre', 'Causeway Bay', ""St John's Cathedral"", 'The Peak Tram', 'Victoria Peak', 'Nan Lian Garden', 'Mong Kok', 'Bakehouse (Wan Chai)', 'Hong Kong Disneyland', 'Central', 'Tai Kwun']"
7425284058739002645,"['Ocean Park', 'Aqua City', 'Hong Kong Disneyland', 'Victoria Peak']"
7425291822529858823,"['Tai Kwun', 'Central', 'ifc mall']"
7425300483646016774,"['Kam Wah Cafe & Cake Shop', 'Sun Heung Yuen', 'Causeway Bay']"
7425575998231563525,"['Hong Kong Island', 'Causeway Bay', 'Shau Kei Wan']"
7425603559795756306,"['Victoria Harbour', 'LOUIS VUITTON']"
7425622307848211717,"['Victoria Harbour', 'Hong Kong Disneyland', 'Observation Wheel', 'Ngong Ping 360']"
7425659375953448200,"['Victoria Harbour', 'Chungking Mansions']"
7425753191750339882,"['Hong Kong International Airport', 'Kowloon', 'Bing Kee Cha Dong']"
7425968238535724295,"['Bakehouse (Wan Chai)', 'ICHIRAN', 'Sukiya', 'Kam Wah Cafe & Cake Shop', 'Dim Dim Sum']"
7426024553802976519,"['Hong Kong International Airport', 'Yau Ma Tei', 'Tsim Sha Tsui']"
7426294924875762952,"['Po Lin Monastery', 'Hong Kong-Zhuhai-Macao Bridge', 'Ngong Ping', 'Museum of Art', 'Lantau Island', 'Carnarvon Rd']"
7426312075485498632,"['Bakehouse (Wan Chai)', 'Central']"
7426330902189329665,"['Ngong Ping 360', 'Lantau Island', 'Tai Po', 'Victoria Peak']"
7426335881935523079,"['Hong Kong International Airport', 'Central']"
7426415891417517318,"['The Peninsula', 'HSBC Building', 'K11 MUSEA', 'Tsim Sha Tsui', 'Avenue Of Stars', 'Victoria Harbour']"
7426500264137444625,"['Nan Lian Garden', 'Hong Kong Park']"
7426554468717694215,"['Central', 'Central-Mid-Levels Escalators', 'Observation Wheel', 'Museum of Art', 'Victoria Harbour', 'Grand Plaza', 'The Peak Tram', 'Hong Kong Cultural Centre', 'The Peak Tower', 'Lugard Rd', 'Victoria Peak']"
7426592567128493317,"['Victoria Peak', 'The Peak Tram']"
7426710300436565268,"['Tsim Sha Tsui', 'Tian Tan Buddha', 'Hong Kong Disneyland']"
7426911050676620565,"['Prosperous Building', 'Western Market', 'West Kowloon', 'ifc mall']"
7426926315623730439,"['Hong Kong International Airport', 'Hong Kong Disneyland']"
7427030129307634962,"['Hong Kong International Airport', 'Hong Kong Disneyland']"
7427317907480120594,"['World of Frozen', 'Hong Kong Disneyland', ""Duddell's"", 'Victoria Peak', 'Lantau Island', 'Tian Tan Buddha', 'Victoria Harbour', 'Hong Kong International Airport', 'Blue Coast', 'Sha Tin Park']"
7427382836849577224,"['Ngong Ping Village', 'Ngong Ping', 'Ngong Ping 360']"
7427404791715859718,"['Causeway Bay', 'Mong Kok', 'The Peninsula', 'Tsim Sha Tsui', 'Central']"
7427714726659935496,"['Hong Kong International Airport', 'Hong Kong Disneyland', 'Lantau Island']"
7427784283554696454,"['Tsim Sha Tsui Star Ferry Pier', 'Victoria Harbour', 'Central', 'Wan Chai']"
7427787385791958279,"['Hong Kong Disneyland', 'Ocean Park', 'Po Lin Monastery']"
7427802393242537221,"['Ngong Ping 360', 'Ngong Ping Village']"
7427835449722359058,"['Shau Kei Wan', 'Hong Kong Disneyland']"
7427880764059995400,"['Hong Kong Disneyland', 'Lantau Island']"
7428068909791726854,"['Ocean Park', 'Hong Kong Disneyland', 'Ocean Express Waterfront Station']"
7428166253086280978,"['Tsim Sha Tsui Fire Station', '1881 Heritage', 'Hong Kong Cultural Centre', 'Clock Tower', 'Causeway Bay', 'Victoria Harbour', 'Chungking Mansions']"
7428235620285172997,"['Victoria Peak', 'The Peak Tower']"
7428256990352149767,"['Wellington St', 'Lan Fong Yuen']"
7428406491977157896,"['Hong Kong International Airport', 'Tsing Ma Bridge']"
7428459069440019720,"['Lippo Centre', 'Central', 'The Peak Tram', 'Madame Tussauds', ""St John's Cathedral"", 'Cheung Kong Park']"
7428552677631479058,"['Hong Kong International Airport', 'Hong Kong Disneyland', 'Victoria Peak']"
7428561502313172242,"['Temple St', 'Tai Kwun']"
7428582550878145812,"['Lantau Island', 'Ngong Ping']"
7428732970267151622,"['Sky 100', 'Hong Kong International Airport']"
7428885697064471813,"['Po Lin Monastery', 'Lantau Island', 'Prince Edward Station', 'Central', 'Hong Kong Disneyland', 'Nan Lian Garden']"
7428924982614396192,"['Causeway Bay', 'Central', 'Hysan Place']"
7428935508983565569,"['Queensway', 'Hong Kong Disneyland']"
7428946265792138514,"['ifc mall', 'Hong Kong Disneyland', 'Po Lin Monastery', 'Ngong Ping Cable Car Station', 'Ngong Ping Village', 'Tian Tan Buddha', 'Victoria Harbour', 'Museum of Art']"
7429157026271464724,"['Nina Mall', 'Hashtag B', 'Prince Edward', 'Tsim Sha Tsui']"
7429305206917188872,"['Central', 'The Peak Tower', 'Victoria Peak']"
7429314895675460869,"['Bakehouse (Wan Chai)', 'Hashtag B', 'Bakehouse (Causeway Bay)', 'Ohlalagout', 'Central', 'Vission Bakery']"
7429328710068751632,"['Central', 'Central Station', ""Queen's Road"", 'Yat Lok Restaurant']"
7429365138463165704,"['Tsim Sha Tsui', 'Victoria Harbour', 'Times Square']"
7429395798133116193,"['Lantau Island', 'Ngong Ping 360', 'Ngong Ping Village', 'Tian Tan Buddha']"
7429509643895868679,"['Lantau Island', 'Nei Nak Shan', 'Tai Po', 'Tsim Sha Tsui', 'Ramada Hong Kong Harbour View', 'Sai Ying Pun', 'Observation Wheel', ""Mak's Noodle"", 'Hong Kong Disneyland']"
7429614043855342866,"['Hong Kong-Zhuhai-Macao Bridge', 'Hong Kong International Airport']"
7429635908304964882,"['Hong Kong International Airport', 'Tsing Ma Bridge']"
7429687434713058578,"['East Tsim Sha Tsui', 'Hong Kong Science Museum']"
7429962443398450438,"['Central-Mid-Levels Escalators', 'Central Station']"
7430320109534579985,"['Hong Kong Island', 'Yau Ma Tei', 'Wong Tai Sin', 'Wong Tai Sin Temple', 'Yaumatei Tin Hau Temple', 'Tai Po', 'Hung Hom Kwun Yum Temple', 'Man Mo Temple', 'Carbone']"
7430328633736105237,"['The Peak Tram', 'Victoria Peak', 'The Peak Tower', 'Hong Kong Park', 'Tsim Sha Tsui', 'Kowloon Park', 'West Kowloon Cultural District', 'MOKO', 'Grand Plaza']"
7430350684228308240,"['The Peak Tower', 'Nan Lian Garden', 'Ngong Ping 360', 'Ngong Ping', 'Victoria Harbour', 'Shanghai St', 'Mong Kok', 'Lantau Island', 'Hong Kong International Airport']"
7430396179319377157,"['Vission Bakery', 'Flat Iron Steak']"
7430672413500706064,"['Tai O', ""Duddell's"", 'Hong Kong Disneyland']"
7430717615582039302,"['Causeway Bay', 'Sun Heung Yuen', 'Wan Chai', 'Sun King Yuen Curry Restaurant', 'Yat Lok Restaurant', 'Central', 'Tsim Sha Tsui', 'Jordan']"
7430735910397857041,"['Hong Kong International Airport', 'Imperial Hotel', 'Tsim Sha Tsui', 'Middle Rd']"
7430745240765582610,"['Hong Kong Disneyland', 'World of Frozen', 'Toy Story Land']"
7430785684908117291,"['Victoria Peak', 'Hong Kong International Airport', 'Victoria Harbour', 'K11 MUSEA', 'Hong Kong Disneyland']"
7430807005964537096,"['K11 ARTMALL', 'THE MATCHA TOKYO']"
7430835260792818962,"['Hong Kong International Airport', 'Hong Kong Disneyland']"
7430839117543410952,"['Hong Kong International Airport', 'The Peak Tram', 'Times Square', 'DON DON DONKI', 'Ngong Ping', 'Po Lin Monastery', 'Tai Mo Shan']"
7431060448776178950,"['Hong Kong International Airport', 'Shau Kei Wan', 'Ngong Ping 360', 'Hong Kong Disneyland', 'Victoria Peak', 'Central']"
7431061787874790661,"['Davis St', 'New Praya']"
7431122185437154566,"['Hong Kong International Airport', 'Sister Wah Beef Brisket', 'Fook Yuen', 'Central-Mid-Levels Escalators', 'Lockhart Rd']"
7431134848959434002,"['Lantau Island', 'Ngong Ping 360', 'Tai O', 'Tian Tan Buddha', 'Hong Kong International Airport', 'Ngong Ping', 'Victoria Park', 'Ngong Ping Village']"
7431141328152546568,"['Victoria Harbour', 'LEGOLAND Discovery Centre', 'Tsim Sha Tsui', 'K11 ARTMALL']"
7431194607465106730,"['Observation Wheel', 'Victoria Peak', 'Hong Kong Disneyland', 'Central Ferry Pier', 'Central Market', 'Hong Kong Park', 'Tsing Ma Bridge']"
7431214159791983879,"['Victoria Harbour', 'Hong Kong International Airport']"
7431247112756628769,"['Victoria Peak', 'The Peak Tram']"
7431251442607869189,"['Ngong Ping', 'Observation Wheel', 'Jordan Station', 'Harbour City', 'Cupnoodles Museum']"
7431437227491708165,"['My Cup of Tea', 'King Tak Hong Porcelain Company Limited', 'Lee Tung Avenue', 'Sun Heung Yuen', 'DOZY Café', ""Ladies' Market"", 'Sun Kee Noodles', 'Causeway Bay']"
7431455909320117537,"['Victoria Peak', 'Victoria Harbour']"
7431524013077318917,"['Hong Kong Disneyland', 'World of Frozen']"
7431591464318291206,"['Museum of Art', 'Yee Wo St', 'Hong Kong Disneyland']"
7431600466934369554,"['Hong Kong Island', 'Victoria Peak']"
7431780291947154704,"['Star Ferry Pier', 'Victoria Peak', 'Middle Rd', 'Lantau Island', 'Ngong Ping 360', 'Ngong Ping']"
7431807447402056965,"['Wan Chai', 'Tai Hing']"
7431940249170939143,"['West Kowloon', 'Victoria Harbour', 'Hong Kong Disneyland', 'SOGO']"
7432146411426188562,"['Hong Kong International Airport', 'Victoria Harbour', 'Ngong Ping', 'Hong Kong Disneyland', 'Lantau Island']"
7432177596718255367,"['The Farmhouse', 'Victoria Harbour', 'Cruise Restaurant & Bar', 'North Point']"
7432178857563671815,"['Hong Kong International Airport', 'Chungking Mansions', 'Hong Kong Space Museum', 'iSQUARE']"
7432195342277332245,"['Ngong Ping', 'Hong Kong Disneyland']"
7432204619780050182,"['SOGO', 'Fu Wah Café', 'Dragonking Dim Sum', 'Hashtag B', '2 Café']"
7432327745335463186,"['Sky 100', 'Lei Yue Mun']"
7432458389789166854,"['Tai Tam Reservoir', 'Hong Kong Disneyland', 'Central', 'Hong Kong International Airport']"
7432460275569249568,"['Observation Wheel', 'Central Ferry Pier']"
7432549942515764496,"['Victoria Peak', 'Ngong Ping Village', 'Lantau Island']"
7432551381980040454,"['Craft Coffee Roaster', 'Wing Ning St', 'Mammy Pancake', 'NOC', 'SOGO', 'Fat Boy Shop', 'Central', 'Argyle Centre', 'Sneakers Street']"
7432655543338142994,"['Chungking Mansions', 'Tsim Sha Tsui', 'Nathan Rd', 'K11 ARTMALL']"
7432657864314866977,"['Lantau Island', 'Ngong Ping 360', 'Ngong Ping', 'Walking With Buddha', 'Ngong Ping Village', 'Po Lin Monastery']"
7432681845067664646,"['Kowloon Park Dr', 'K11 MUSEA']"
7432814153825389832,"['Sha Tin Station', 'K11 MUSEA']"
7432936547751628038,"['Causeway Bay', 'Tsim Sha Tsui', 'The Peninsula', 'Museum of Art', 'Victoria Harbour', 'K11 MUSEA']"
7432988382021586194,"['Tian Tan Buddha', 'Lantau Island', 'Ngong Ping']"
7433039602539138310,"['Diamond Hill', 'Nan Lian Garden']"
7433039967892278548,"['Central', 'Hoi Ping Rd', 'Victoria Peak', 'SOGO', 'Madame Tussauds', 'Observation Wheel', 'ifc mall', 'Lan Kwai Fong', 'LOUIS VUITTON', 'The Peninsula']"
7433041641176567046,"['Ocean Park', 'Hong Kong Disneyland']"
7433272710605589806,"['Chungking Mansions', 'Ngong Ping', 'Tian Tan Buddha', 'Bakehouse (Wan Chai)', 'Central']"
7433346505076919557,"['FINEPRINT', 'ARTISTA PERFETTO', 'Wan Chai Market', 'Causeway Bay', 'Halfway Coffee', 'Wah Lok Café', 'Knockbox Coffee Company']"
7433351836368686343,"['Ngong Ping 360', 'Lamma Island', 'Hong Kong Disneyland', 'Hong Kong International Airport']"
7433672553903836423,"['Victoria Harbour', 'Central']"
7433685805228395782,"['Sister Wah Beef Brisket', 'Fook Yuen', 'My Cup of Tea', 'Sun Heung Yuen', 'Sun Kee Noodles', 'Tai Hing', 'Dragonking Dim Sum', 'Hashtag B', 'Mammy Pancake', 'Fat Boy Shop', 'Urban Coffee Roaster', 'Knockbox Coffee Company']"
7433788236461280529,"['Victoria Peak', 'Hong Kong Disneyland']"
7434070514361978168,"['Central', 'SOGO']"
7434086572644912391,"['The Peak Tower', 'Victoria Peak', 'Kam Wah Cafe & Cake Shop', 'Sneakers Street', 'Tsim Sha Tsui', 'Hong Kong Cultural Centre', 'Kowloon Public Pier', 'Vission Bakery', 'Hong Kong International Airport']"
7434126209497271560,"['Tai O', 'Hong Kong-Zhuhai-Macao Bridge', 'Ngong Ping Village', 'Tai O Bakery', 'Tai O Market St']"
7434399951511112967,"['Victoria Harbour', 'Hyatt Centric']"
7434401164159929621,"['Hong Kong Disneyland', 'Ocean Park']"
7434443980013653266,"['Victoria Peak', 'Hong Kong Disneyland']"
7434500611523087632,"['The Peak Tram', 'Sky 100', 'Hong Kong Disneyland']"
7434743474844355895,"['Observation Wheel', 'Hong Kong International Airport', 'Sai Ying Pun', 'Tsing Ma Bridge', 'ifc mall', 'Hong Kong Observation Wheel', 'Ramada Hong Kong Harbour View']"
7434749950463855890,"['Hong Kong International Airport', 'Mong Kok', 'Tsuen Wan', 'Ngong Ping Village', 'Ngong Ping 360', 'Ngong Ping', 'Po Lin Monastery']"
7434767735021767954,"['Central', 'Hong Kong Station']"
7434822208461049106,"['Central', 'Lan Kwai Fong', 'Hong Kong Disneyland']"
7434869852931624210,"['Ngong Ping 360', 'Hong Kong Disneyland']"
7435313497573018901,"['Hong Kong Disneyland', 'Ocean Park']"
7435486747921845512,"['Hong Kong Disneyland', 'Adventureland', 'Frozen Ever After']"
7435506819298053384,"['Tai O', 'Tai Tam Reservoir']"
7435517777965878546,"['Hong Kong International Airport', 'The Ritz-Carlton', 'iSQUARE', 'Tsing Ma Bridge', 'Victoria Peak', 'Hong Kong Disneyland', 'Tai Mo Shan']"
7435528261972675860,"['Hong Kong International Airport', 'Wong Wing Kee']"
7435530480876866823,"['Hong Kong International Airport', 'Hong Kong Disneyland']"
7435573959661276436,"['Hong Kong International Airport', 'Lamma Island', 'Tsing Ma Bridge']"
7435639762012114183,"['Hong Kong International Airport', 'THE MATCHA TOKYO', 'Hong Kong Disneyland']"
7435650438034148615,"['K11 MUSEA', 'Hong Kong Disneyland', 'The Peak Tram']"
7435697049556765959,"['Hong Kong International Airport', 'Lantau Island', 'Tsing Ma Bridge', 'Tuen Mun', 'Tai Mo Shan', 'Yaumatei Tin Hau Temple', 'Museum of Art']"
7435839355140181256,"['Bakehouse (Wan Chai)', 'Lantau Island', 'Kennedy Town', 'Victoria Harbour']"
7435853873421552904,"['Tsing Yi Station', 'Mong Kok']"
7435869907130092818,"['Hong Kong International Airport', 'Hong Kong Disneyland']"
7435968887167946002,"['Sha Tin', 'Sunny Bay Station', 'Hong Kong Disneyland', 'Ocean Park', 'Ngong Ping', 'Old Hong Kong']"
7435990923487513911,"['Brighton Hotel', 'Rosedale Hotel']"
7436046559114022200,"['Citygate Outlets', 'Law Mark Kee']"
7436247898897124641,"['World of Frozen', 'Hong Kong Disneyland']"
7436261730365295927,"['Western Market', 'The Peak Tram', 'Causeway Bay', 'Victoria Harbour', 'Central-Mid-Levels Escalators', 'Mid-Levels', 'Lee Tung Avenue', 'Tai Kwun', 'Victoria Prison', 'Argyle Centre', ""Ladies' Market""]"
7436267323142442283,"['LOUIS VUITTON', 'Canton Rd']"
7436288295090392338,"['Victoria Peak', 'Hong Kong International Airport', 'Victoria Harbour']"
7436304446692379922,"['Causeway Bay', 'Tsim Sha Tsui', 'Taikoo Shing', 'Sheung Wan', 'Admiralty']"
7436365762467564821,"['Hong Kong International Airport', 'Hong Kong Disneyland']"
7436410305107856661,"['Hong Kong International Airport', 'Hung Hom Station']"
7436658989397495058,"['Ocean Park', 'Ngong Ping', 'Dolphin Explorations', 'Sky 100']"
7436673730689912072,"['Harbour City', 'K11 MUSEA', 'West Kowloon Art Park', 'Sky 100', 'Victoria Peak']"
7436763790743457055,"['Victoria Peak', 'Museum of Art']"
7436783702203534647,"['Po Lin Monastery', 'Tai Tam', 'Lantau Peak']"
7436817973886602551,"['Lan Fong Yuen', 'Halfway Coffee', 'Victoria Peak', 'Tai Wo St', 'Tsim Sha Tsui']"
7436835959037103392,"['Avenue Of Stars', 'Clock Tower', 'Victoria Harbour', 'K11 MUSEA', 'Chi Lin Nunnery', 'Nan Lian Garden', 'Wong Tai Sin Temple', 'Po Lin Monastery', 'Tai Po', 'Kowloon Park', 'Temple St', 'Victoria Peak']"
7436953801250065682,"['Ocean Park', 'Hong Kong Disneyland']"
7437015379064540448,"['Hong Kong Park', 'Hong Kong Disneyland']"
7437046070066154770,"['Tamar Park', 'Observation Wheel']"
7437113643679894840,"['Victoria Harbour', 'Hong Kong Disneyland']"
7437159567034731807,"['Lantau Island', 'Ngong Ping', 'Po Lin Monastery']"
7437186255118519560,"['Victoria Peak', 'Po Lin Monastery', 'The Peak Tram', 'Villepin', 'K11 MUSEA', 'Victoria Harbour', 'ifc mall']"
7437355517476900097,"['Tian Tan Buddha', 'Po Lin Monastery', 'Hong Kong Disneyland', 'LEGOLAND Discovery Centre', 'Hong Kong International Airport', 'Novotel', 'Citygate Outlets', 'Ngong Ping 360', 'Ngong Ping']"
7437413983742594322,"['Hyatt Centric', 'Hong Kong Trail', ""Dragon's Back"", 'Tai Po', 'Sang Roastery']"
7437469101888474376,"['Hong Kong Disneyland', 'Hong Kong International Airport', 'Ngong Ping 360', 'Victoria Peak', 'Observation Wheel']"
7437515536545664277,"['Kennedy Town Station', 'Kennedy Town', 'Hong Kong Disneyland', 'Quarry Bay Station', 'Masjid Ammar and Osman Ramju Sadick Islamic Centre', 'Mong Kok Night Market', 'California Hotel']"
7437554933534182687,"['Hong Kong Station', 'AsiaWorld-Expo', 'Victoria Peak', 'The Peak Tram', ""Victoria Peak's Lions Pavilion"", 'Hong Kong Park', 'Observation Wheel', 'Avenue Of Stars']"
7437680130731822344,"['Hong Kong Disneyland', 'Lantau Island', 'Ngong Ping Village']"
7437766076013776135,"['Tai Po', 'Tai Tam']"
7437799353860787464,"['Tsim Sha Tsui', ""Ladies' Market"", 'Hong Kong Disneyland']"
7437800936669760775,"['Hong Kong International Airport', 'Hong Kong Disneyland']"
7438056338720034056,"['The Peak Tram', 'Victoria Peak']"
7438134870007614737,"['Tian Tan Buddha', 'Lantau Island', 'Novotel', 'Ngong Ping 360', 'Ngong Ping', 'Hong Kong-Zhuhai-Macao Bridge', 'Po Lin Monastery', 'Tai Po', 'Tung Chung', 'Bakehouse (Wan Chai)', 'Magic Rd', 'Hong Kong Disneyland', ""Disney's Hollywood Hotel"", ""Walt's Café""]"
7438154428978384160,"['Victoria Peak', 'Tsim Sha Tsui', 'Park Hotel']"
7438241827456683282,"['Robinson Rd', 'Victoria Harbour', 'Hong Kong Disneyland']"
7438303420915780871,"['Law Fu Kee', 'Sun Hing Restaurant']"
7438360985959730450,"['Hong Kong Park', 'Victoria Peak Garden']"
7438608561808198968,"['Hong Kong Disneyland', 'Tai Po', 'The Peak Tram', 'Victoria Peak']"
7438670335697849618,"['Ocean Park', 'Maritime Square', 'Hong Kong Disneyland', 'Hong Kong International Airport']"
7438838303916363063,"['Kwun Tong Station', 'Bakehouse (Wan Chai)']"
7438851989393378616,"['Hong Kong International Airport', 'Lockhart Rd', 'SOGO']"
7438922541776784658,"['Ngong Ping', 'Lantau Island', 'Po Lin Monastery', 'Tai Tam Reservoir']"
7438978173011889426,"['Hong Kong International Airport', 'Tsim Sha Tsui', 'Mondrian', 'K11 MUSEA', 'Victoria Harbour', 'Cheung Hing Kee Shanghai Pan Fried Buns', 'Hong Kong Convention and Exhibition Centre', 'Yung Kee Roast Goose Restaurant', 'Carbone', 'Shiu Shing Hong', 'ifc mall', 'Causeway Bay', 'Sha Tin Che Kung Temple', 'M+', 'THE MATCHA TOKYO']"
7439008507178781970,"['The Peninsula', 'Tsing Ma Bridge']"
7439022185785724167,"['Causeway Bay', 'Hong Kong International Airport']"
7439045662194421010,"['Lantau Island', 'Po Lin Monastery']"
7439062474508307719,"['Nathan Rd', 'Hong Kong International Airport', 'Tsim Sha Tsui']"
7439145871830224146,"['Tian Tan Buddha', 'Hong Kong Disneyland']"
7439306570452077842,"['Fuk Wa Camera', 'Sham Shui Po', 'Sim City', 'David Chan Co']"
7439311970110590216,"['Halfway Coffee', ""Prince's Building"", 'Bakehouse (Wan Chai)', 'Sham Shui Po', 'Harbour City', 'Davis St', 'Causeway Bay', 'Sharp St W']"
7439324745083981057,"['The Peak Tram', 'May Rd', 'Victoria Peak', 'Hong Kong Disneyland']"
7439347421064269057,"['Hong Kong Macau Ferry Terminal', 'Central', 'Stone Slab Street', 'Monster Building', 'Hong Kong Cultural Centre', 'Victoria Harbour', 'Avenue Of Stars', 'Lan Fong Yuen', 'Hong Kong Zoological and Botanical Gardens', 'Macdonnell Rd', 'The Peak Tram', 'Admiralty Station', 'K11 MUSEA']"
7439396672142200072,"['Hong Kong International Airport', 'Ngong Ping', 'Victoria Peak', 'Ocean Park', 'Hong Kong Disneyland', 'Ngong Ping 360', 'Old Hong Kong']"
7439398125749554449,"['Lantau Island', 'Hong Kong Disneyland', 'Victoria Harbour', 'Enchanted Garden Restaurant', ""Disney's Hollywood Hotel"", 'Tomorrowland', 'World of Frozen']"
7439548933912808712,"['ifc mall', 'Tsing Ma Bridge', 'Victoria Peak', 'Tai Mo Shan']"
7439553563652656416,"['Ngong Ping 360', 'Hong Kong-Zhuhai-Macao Bridge', 'Ngong Ping Village', 'Lantau Island', 'Tai Po', 'Tian Tan Buddha', 'Po Lin Monastery', 'Tai O']"
7439618160602434824,"['Victoria Harbour', 'Hong Kong Science Museum']"
7439638857332559111,"['Hong Kong Disneyland', ""Explorer's Club Restaurant""]"
7439654910439836944,"['Lantau Island', 'Nan Lian Garden', 'Tian Tan Buddha', 'Ngong Ping 360']"
7439689519810596114,"['Wan Chai Station', 'Lee Tung Avenue', 'GARDENEast', 'Hong Kong International Airport']"
7439723664020376848,"['Hong Kong Disneyland', 'Big Grizzly Mountain Runaway Mine Cars', 'Lantau Island', 'Hong Kong International Airport']"
7439746807380380984,"['Wan Chai', 'Sour Dough']"
7439749499750288671,"['Monster Building', 'Lei Yue Mun', 'Victoria Harbour']"
7439961689556061457,"['Hong Kong International Airport', 'Hong Kong Macau Ferry Terminal', 'Queen St', 'M+', 'West Kowloon', 'Tsim Sha Tsui', 'Hong Kong Cultural Centre', 'Ocean Park', 'Hong Kong Disneyland', 'Dim Sum Square', 'Chi Lin Nunnery', 'Central', 'Central-Mid-Levels Escalators']"
7440013085852683528,"['Chungking Mansions', 'ICHIRAN', 'Hong Kong Disneyland']"
7440061747714657543,"['Central Market', 'Central', 'JC Contemporary', 'Sheung Wan', 'Tai Kwun']"
7440101573948165383,"['Hong Kong Science Museum', 'Museum of Art', 'Victoria Harbour']"
7440141762506591504,"['Sha Po New Village', 'Lamma Island']"
7440280034151025927,"['Tai O', 'Yaumatei Tin Hau Temple', 'Tai Po', 'Tai Tam', 'AsiaWorld-Expo', 'Hong Kong Disneyland', 'Hong Kong Park']"
7440344943438220562,"['Old Wan Chai Post Office', 'Temple St']"
7440407601252158738,"['Lantau Island', 'Hong Kong Disneyland', 'Hong Kong International Airport']"
7440555423973002503,"['Victoria Peak', 'Hong Kong International Airport', 'Hong Kong Disneyland']"
7440643989855800584,"['Hong Kong International Airport', 'Central', 'Museum of Art', 'Sky 100', 'The Peak Tower']"
7440660581599792392,"['Hong Kong International Airport', 'Victoria Peak']"
7440678373581425927,"['Hong Kong Disneyland', 'Nathan Rd', 'Central', 'Victoria Harbour', 'iSQUARE', 'Hong Kong Cultural Centre', 'Hong Kong International Airport']"
7440685701789797640,"['Lantau Island', 'Hong Kong Disneyland']"
7440743736348249351,"['Victoria Peak', 'Lantau Island']"
7440771038784277768,"['Lantau Peak', 'Tai Mo Shan']"
7440854708698221832,"['Po Lin Monastery', 'Ngong Ping 360', 'Central']"
7440919667318787336,"['Hong Kong International Airport', 'Kowloon', 'Tian Tan Buddha']"
7441065854931897618,"['Hong Kong International Airport', 'Tsing Ma Bridge', 'Victoria Harbour', 'Victoria Peak']"
7441094787618426119,"['Hing Kee Restaurant', 'Kai Kai Dessert', 'Sun Hing Restaurant', 'Kinsman']"
7441102203428834616,"['Shun Tak Centre', 'Hong Kong International Airport', 'Hong Kong Macau Ferry Terminal']"
7441130720287821057,"['Hong Kong Disneyland', 'Hong Kong International Airport', 'Tsim Sha Tsui Station', 'The Kimberley Hotel', 'Lai Chi Kok Station', 'iSQUARE']"
7441173142866889991,"[""Star Ferry's Water Tour"", 'Victoria Harbour', 'Avenue Of Stars']"
7441188658465508616,"['Po Lin Monastery', 'Ngong Ping Village', 'Hong Kong Disneyland', 'LEGOLAND Discovery Centre', ""Disney's Hollywood Hotel"", 'Victoria Park', 'World of Frozen', 'Toy Story Land', 'Tsing Ma Bridge', 'Tsim Sha Tsui', 'Hong Kong Convention and Exhibition Centre', 'The Kimberley Hotel']"
7441436265611824391,"['Hong Kong International Airport', 'Hong Kong Disneyland', 'Bakehouse (Wan Chai)', 'K11 ARTMALL', 'The Peak Tram']"
7441594637652921608,"['Langham Place', '1881 Heritage']"
7441743576679157035,"['Tai Po', 'Tsuen Wan', 'Po Lin Monastery']"
7441786938526321975,"['Tei Mou Koon Dessert', 'Vission Bakery', 'Tsim Sha Tsui', 'Bakehouse (Wan Chai)', 'Tai Cheong Bakery']"
7441802681687051528,"['Hong Kong Disneyland', 'Hong Kong Zoological and Botanical Gardens']"
7441804369894427922,"['Sneakers Street', 'ZARA Causeway Bay', 'Mong Kok', 'Causeway Bay', 'Tsim Sha Tsui']"
7441986472338558215,"['The Peak Tram', 'Hong Kong Convention and Exhibition Centre', 'Tai Mo Shan', 'Victoria Peak']"
7442204310475197751,"['Tsim Sha Tsui', 'Western Market']"
7442210102804876600,"['Causeway Bay', 'Best Western Hotel', 'Central', 'Australia Dairy Company', 'Regal Oriental Hotel', 'Mong Kok', 'Hong Kong Disneyland']"
7442216386283261206,"['Hong Kong International Airport', 'The Peak Tram', 'Victoria Peak', 'Central', 'Observation Wheel']"
7442242914291387655,"['Hung Hom', 'Hong Kong Museum of History', 'Lan Fong Yuen', 'Victoria Harbour', 'Museum of Art']"
7442271646846569744,"['Central', 'Hong Kong International Airport', 'Hong Kong Disneyland', 'Tai Kwun', 'Observation Wheel', 'Star Ferry Pier']"
7442301663785782583,"['Hong Kong Island', 'Masjid Ammar and Osman Ramju Sadick Islamic Centre', 'Kowloon', 'Tai O', 'Sun Heung Yuen']"
7442336540488895751,"['Mong Kok', 'SOGO']"
7442392048415673608,"['Hong Kong International Airport', 'Hong Kong Convention and Exhibition Centre']"
7442544322161020168,"['Hong Kong International Airport', 'Hong Kong Disneyland']"
7442608713367571719,"['Tsing Ma Bridge', 'Lantau Island', 'Tian Tan Buddha', 'Po Lin Monastery', 'Ngong Ping']"
7442611506589601080,"['The Butterfly Room', 'Rosewood', 'The Peninsula']"
7442647365397318968,"['Hong Kong International Airport', 'Tung Chung', 'Hong Kong Disneyland', 'Lantau Island']"
7442674810431343880,"['Hong Kong Disneyland', 'Victoria Peak']"
7442913572784557355,"['Central', 'Hong Kong Stadium']"
7442924721865362696,"['Hong Kong Museum of Medical Sciences', 'Hong Kong Zoological and Botanical Gardens', 'Mid-Levels', 'Central Station', 'Central', 'Central Market']"
7442973988826909960,"['Victoria Harbour', 'Hong Kong Disneyland']"
7442991329308593426,"['Ngong Ping', 'Tian Tan Buddha']"
7443021030857166135,"['Lantau Island', 'Tian Tan Buddha', 'Po Lin Monastery']"
7443148665537006904,"['Tsing Ma Bridge', 'Lantau Island', 'Hong Kong Disneyland']"
7443640508221508872,"['Po Lin Monastery', 'Hong Kong Disneyland', 'Hong Kong-Zhuhai-Macao Bridge', 'Hong Kong International Airport', 'Museum of Art', 'LEGOLAND Discovery Centre', 'Victoria Harbour']"
7443651518055664904,"['Hong Kong Disneyland', 'Frozen Ever After']"
7443768250661358856,"['Hong Kong International Airport', 'Law Fu Kee', 'Observation Wheel', 'Western Market']"
7443773804658036023,"['Chungking Mansions', 'Central']"
7443811879526567224,"['Cheung Hing Kee Shanghai Pan Fried Buns', 'Tsim Chai Kee Noodle', 'Bakehouse (Wan Chai)', 'Hashtag B']"
7444024232784186642,"['Tsuen Wan West Station', 'West Kowloon']"
7444152275477581112,"['Hong Kong International Airport', 'Hong Kong Disneyland']"
7444344468427312392,"['Hong Kong International Airport', 'Hong Kong Disneyland', 'The Peak Tower', 'Victoria Peak', 'Madame Tussauds']"
7444484489331461384,"['Hong Kong Disneyland', 'Tai Kwun', 'Prosperous Building', 'Avenue Of Stars']"
7444518919966166290,"['Hong Kong Disneyland', 'Yau Ma Tei Police Station']"
7444565282175110421,"['iSQUARE', 'Victoria Peak']"
7444732622762200328,"['Victoria Peak', 'Causeway Bay Station', 'The Peak Tram', 'Tian Tan Buddha', 'Ngong Ping', 'Po Lin Monastery', 'Ngong Ping 360']"
7444752388688334081,"['Hong Kong International Airport', 'Tsing Ma Bridge', 'Central', 'Kowloon', 'Victoria Peak', 'Hong Kong Disneyland', 'Tian Tan Buddha', 'Lantau Island']"
7444908634674449682,"['Tsim Sha Tsui', 'Hung Hom', 'Mong Kok', 'Wong Tai Sin']"
7444927328641125688,"['Victoria Peak', 'The Peak Tram', 'Sky 100']"
7444947611062144263,"['Tai Po', 'Tai O', 'Tsz Shan Monastery', 'Lantau Island', 'Po Lin Monastery', 'Victoria Peak']"
7444964347807272212,"['Hong Kong Disneyland', 'Hong Kong International Airport']"
7445110460271070480,"['Hong Kong Disneyland', 'Ngong Ping 360']"
7445151861683883271,"['Ngong Ping 360', 'Nathan Rd']"
7445331860575522053,"['Hong Kong Disneyland', 'Ngong Ping', 'Victoria Harbour', 'Tung Chung Station']"
7445445956990012679,"['The Peninsula', '1881 Heritage']"
7445447854090407186,"['Hong Kong International Airport', 'Victoria Peak']"
7445546315204840722,"['Tai Tam', ""Dragon's Back"", 'Tai Po', 'Tai O', 'Tai Mo Shan', 'Big Wave Bay', 'Big Wave Bay Beach']"
7445587148339825938,"['Hong Kong Disneyland', 'Taikoo Shing']"
7445607504064695559,"['Central Ferry Pier', 'Man Mo Temple']"
7445620017481256200,"['Hong Kong International Airport', 'Hong Kong Disneyland', 'Ocean Park', 'Hong Kong Park', 'Victoria Park']"
7445694955621846277,"['Hong Kong International Airport', 'Victoria Peak', 'Central']"
7445699163896941831,"['Hong Kong International Airport', 'Tsing Ma Bridge']"
7445703645338946834,"['Hong Kong Disneyland', 'Tomorrowland']"
7445755315720768814,"['Lamma Island', 'Sampan Seafood Restaurant', 'Yung Shue Wan Main St', 'Yaumatei Tin Hau Temple']"
7445827333610589447,"['The Peak Tower', 'Central', 'The Peak Tram']"
7445858910696688903,"['Lantau Island', 'Po Lin Monastery', 'Hong Kong Disneyland', 'LEGOLAND Discovery Centre', 'K11 MUSEA', 'Victoria Harbour', 'DON DON DONKI', 'Hong Kong International Airport']"
7445918468442000648,"['Hollywood Rd', 'Ocean Park', 'Hong Kong Disneyland']"
7445993645955616007,"['Hong Kong Disneyland', 'Tian Tan Buddha']"
7446032353048218898,"['iSQUARE', 'Hong Kong Disneyland']"
7446046330515967238,"['Nan Lian Garden', 'Ngong Ping Village']"
7446068367724727557,"['Hong Kong International Airport', 'Victoria Peak', 'Hong Kong Disneyland']"
7446219678969613599,"['Hong Kong International Airport', 'The Peninsula']"
7446286971921583367,"['Hong Kong Disneyland', 'World of Frozen', 'Grizzly Gulch', ""Marty's General Store""]"
7446309295022427397,"['Hong Kong Railway Museum', 'Tai Po', 'Tai O']"
7446336691528322311,"['iSQUARE', 'Hong Kong Disneyland', '1881 Heritage', 'LOUIS VUITTON', 'Po Lin Monastery', 'Hong Kong International Airport']"
7446477319482510624,"['Victoria Park', '1881 Heritage']"
7446620413662170373,"['Lan Fong Yuen', 'Tai Kwun', 'Victoria Prison', 'Tsim Chai Kee Noodle', 'Wellington St']"
7446649276471446789,"['Hong Kong Disneyland', 'Tian Tan Buddha', 'Observation Wheel', 'Lantau Island']"
7446768561395223826,"['Masjid Ammar and Osman Ramju Sadick Islamic Centre', 'Hong Kong Disneyland']"
7446790071027617042,"['Temple Street Night Market', 'Temple St']"
7446878077814197510,"['Bonham Strand', 'Victoria Peak', 'Central', 'Tai Kwun', 'The Ritz-Carlton']"
7446955109356997895,"['Hong Kong International Airport', 'Hong Kong Disneyland']"
7447023004623686930,"['Victoria Harbour', 'Hong Kong Disneyland']"
7447029577735589127,"['Mong Kok Station', 'Grand Plaza']"
7447045340789886251,"['Mong Kok', 'Langham Place', ""Ladies' Market""]"
7447083419307134216,"[""Disney's Hollywood Hotel"", 'Hong Kong Disneyland', 'Hong Kong International Airport']"
7447083730553916680,"['Johnston Rd', 'Wan Chai Station']"
7447133410964917510,"['Hong Kong Disneyland', 'Australia Dairy Company', 'Bakehouse (Wan Chai)']"
7447355215453457694,"['Causeway Bay', 'Bakehouse (Wan Chai)', 'DON DON DONKI', 'Central', 'COA', 'The Old Man']"
7447408225810533640,"['K11 ARTMALL', 'LEGOLAND Discovery Centre', 'Hysan Place', 'Observation Wheel', 'Tsim Sha Tsui']"
7447503406266207493,"['Bakehouse (Wan Chai)', 'Central Market', 'Mong Kok']"
7447595996428651794,"['Victoria Peak', 'Hong Kong Disneyland']"
7447697235552324882,"['Nathan Rd', 'Hong Kong International Airport']"
7447772529051192582,"['Causeway Bay', 'Bakehouse (Wan Chai)']"
7447801357408554258,"['SOGO', 'Ngong Ping', 'The Peninsula', 'Tai Mo Shan']"
7447934187463544080,"['Hong Kong Disneyland', 'Mong Kok', 'Hong Kong Cultural Centre', 'The Peninsula', 'Central', 'Tai Pak Restaurant', 'Western Market']"
7448107737793252639,"['Quarry Bay', 'Mon Kee Café', 'Po Lin Monastery']"
7448172766110698760,"['iSQUARE', 'Hong Kong Disneyland', 'Victoria Peak', 'Hong Kong International Airport']"
7448189967861468421,"['The Peak Tower', 'Nan Lian Garden', 'Chi Lin Nunnery', 'Central', 'Ngong Ping', 'Causeway Bay']"
7448296399256521991,"['Hong Kong Disneyland', 'Victoria Harbour', 'Tsim Sha Tsui', 'Hong Kong International Airport', 'Toy Story Land']"
7448635153968172293,"['Lantau Island', 'Ngong Ping Village', 'Tung Chung Station', 'Hong Kong-Zhuhai-Macao Bridge', 'Ngong Ping 360', 'Tian Tan Buddha']"
7448650607377796359,"['The Peninsula', 'The Ritz-Carlton']"
7448656411845823762,"['Kam Wah Cafe & Cake Shop', 'Hing Kee Restaurant']"
7448677015705619719,"['Hong Kong Disneyland', 'Central', 'Victoria Harbour', 'Victoria Peak', 'ifc mall']"
7448698292323503378,"['Central', 'Central Market', 'Big Wave Bay', 'Big Wave Bay Beach', 'Happy Valley Racecourse', 'Hong Kong Park', 'Victoria Peak']"
7448873373565832466,"['Tai Mo Shan', 'Hong Kong Disneyland']"
7449030797459213575,"['Hong Kong Disneyland', 'Hong Kong International Airport', 'The Peak Tram', 'Observation Wheel', 'Lippo Centre', 'Ngong Ping', 'Lantau Island']"
7449318029713820935,"['Hong Kong Disneyland', 'Hong Kong Science Museum']"
7449341380914187527,"['Tai Mo Shan', 'Kowloon Walled City Park', 'Tsz Shan Monastery', 'Victoria Peak', 'Tian Tan Buddha']"
7449344987784875269,"['Hong Kong International Airport', 'Des Voeux Rd Central', 'Hong Kong Disneyland']"
7449574204300840238,"['Hong Kong Disneyland', 'Cafe Match Box']"
7449692263980109063,"['Mong Kok', 'Hong Kong Disneyland']"
7449697218698693895,"['Tai Po', 'Tai Mo Shan', 'Lantau Island']"
7449754556507983122,"['Hong Kong Museum of History', 'The Peak Tram', 'Victoria Peak', 'Sky 100']"
7449787708672675079,"['Causeway Bay', 'The Peak Tram']"
7449979011360394504,"['Hong Kong Disneyland', 'Fantasyland']"
7450005156998974728,"['Hong Kong International Airport', 'West Kowloon', 'Chai Wan Station']"
7450145892310568197,"['Sister Wah Beef Brisket', 'Cheung Hing Kee Shanghai Pan Fried Buns', 'Yat Tung Heen', 'Hong Kong International Airport', 'Kai Kai Dessert', 'Tin Hau']"
7450370313109392658,"['Hong Kong International Airport', 'Hong Kong Disneyland', 'Ngong Ping 360']"
7450424915750063378,"['Hong Kong International Airport', 'Central', 'Hong Kong Disneyland', 'Sneakers Street', ""Ladies' Market"", 'Bakehouse (Wan Chai)', 'ICHIRAN']"
7450446264241540360,"['Hong Kong International Airport', 'Tsing Ma Bridge']"
7450589391606648069,"['Lan Kwai Fong', 'Bakehouse (Wan Chai)', 'Bakehouse (Causeway Bay)', 'Dim Dim Sum', 'Kam Wah Cafe & Cake Shop', ""Kam's Roast Goose"", 'Po Wah Commercial Centre']"
7450789817987697926,"['Kowloon', 'Mong Kok', 'Avenue Of Stars']"
7450896649439743250,"['Hong Kong International Airport', 'Tsing Ma Bridge', 'Victoria Harbour']"
7450898509349457158,"['Travelodge Kowloon', 'Avenue Of Stars', 'Jordan']"
7450907507666521351,"['Mong Kok', 'Mong Kok Station']"
7451032067015593222,"['Lantau Island', 'Ngong Ping Village', 'Po Lin Monastery']"
7451091831984508167,"['Ngong Ping', 'Lamma Island', 'Hong Kong Disneyland', 'Victoria Peak', 'Hong Kong International Airport']"
7451094863413579009,"['Hong Kong Cultural Centre', 'K11 MUSEA', 'Victoria Peak', 'AsiaWorld-Expo', 'Ngong Ping 360', 'Lantau Island', 'Mong Kok Station', 'Hong Kong International Airport']"
7451149128630848814,"['The Peninsula', 'West Kowloon', 'K11 MUSEA', 'Pacific Place', 'Lee Tung Avenue']"
7451193019417595144,"['Hong Kong International Airport', 'Hong Kong Disneyland']"
7451627413718453512,"['Hong Kong Observation Wheel', 'The Peninsula']"
7451808487257967880,"['Woo Cheong Tea House', 'Causeway Bay']"
7451940819994479877,"['Hong Kong International Airport', 'Avenue Of Stars']"
7451985231835401477,"['Hong Kong Disneyland', 'Causeway Bay']"
7451995924051610898,"['Hong Kong International Airport', 'Hong Kong Disneyland']"
7452241075047091464,"['Hong Kong International Airport', 'Tsing Ma Bridge', 'Tsz Shan Monastery', 'Tian Tan Buddha', 'Museum of Art', 'Hong Kong Disneyland', 'Ocean Park']"
7452251274533211412,"['Ocean Park', 'Hong Kong Disneyland', 'Ngong Ping 360']"
7452298752762694930,"['Victoria Peak', 'Hong Kong Disneyland', 'The Peak Tram']"
7452674701727370514,"['Hong Kong International Airport', ""Ki'son Roasted Goose"", 'Lamma Island']"
7452697943498296594,"['Hong Kong Disneyland', 'New Territories', 'Tai O', 'Lan Fong Yuen', 'Hong Kong International Airport', 'Oasis Aurum 181 Hotel', 'Middle Rd', 'Kowloon Public Pier', 'K11 MUSEA', 'Lin Heung Lau', 'Cheung Chau', 'Victoria Harbour', 'Central', 'Causeway Bay']"
7452761991065636104,"['Observation Wheel', 'Lantau Island']"
7452932685443484929,"['Hong Kong Disneyland', 'Hong Kong Cultural Centre']"
7452984098299071752,"['Shau Kei Wan', 'Davis St', 'Hong Kong Disneyland']"
7453001230424591637,"['Wellington St', 'Sushi Raku']"
7453016942086376712,"['Hong Kong Disneyland', 'Tian Tan Buddha', 'Observation Wheel', 'Ngong Ping Village']"
7453038907270188296,"['Lantau Island', 'Hong Kong Disneyland']"
7453052752344747285,"['Hong Kong Disneyland', 'Hong Kong Science Museum']"
7453075192475127045,"['Kennedy Town', 'Kennedy Town Station']"
7453086023661128965,"['Yat Lok Restaurant', 'Tsim Chai Kee Noodle', 'Law Fu Kee', 'Tsuen Wan', 'Bakehouse (Wan Chai)', 'Observation Wheel']"
7453168361799716142,"[""Mak's Noodle"", 'Temple Street Night Market', 'Mong Kok']"
7453221796754640158,"['Gold Garden Restaurant', 'Sun Wui Kong Restaurant', 'Fook Yuen', 'Wan Chai', '灣仔順記']"
7453273965860097298,"['Central', 'Sun Yat Sen Memorial Park']"
7453330902203026695,"['Hong Kong International Airport', 'Hong Kong Disneyland']"
7453447738118753542,"['Ngong Ping 360', 'Tian Tan Buddha', 'The Peak Tower', 'Hong Kong Cultural Centre', 'Victoria Harbour', 'Hong Kong Disneyland', 'Mong Kok Night Market']"
7453448090717064466,"['Tsing Ma Bridge', 'Victoria Peak', 'Tai Po', 'Museum of Art', 'Central', 'Western Market', 'Hong Kong Disneyland']"
7453458398462446866,"['Tsim Sha Tsui', 'Victoria Harbour']"
7453475594513206546,"['Capital Café', 'Mong Kok', 'King Bakery', 'Bakehouse (Wan Chai)', 'One One Roast Goose Restaurant', ""Maxim's Palace""]"
7453701256234732808,"['Hong Kong International Airport', 'Lantau Island', 'Ocean Park Station', 'Hong Kong Disneyland']"
7453710624669846802,"['Tsing Yi', 'Hong Kong Station']"
7453780089348853000,"['Hong Kong Disneyland', ""Tarzan's Treehouse""]"
7453863535723007239,"['Hong Kong International Airport', '7-Eleven (Hong Kong Airport)', 'Tsim Sha Tsui']"
7453910966762360071,"['Hong Kong Park', 'The Peak Tram', 'Hong Kong Museum of History', 'Victoria Peak']"
7453939913650736430,"['Hong Kong International Airport', 'Prince Edward Station', 'Sneakers Street', 'Mong Kok', 'Kam Wah Cafe & Cake Shop', 'Tsim Sha Tsui', 'Victoria Harbour', 'K11 MUSEA', 'Bakehouse (Wan Chai)']"
7454105038466649375,"['Causeway Bay', 'Kwan Yu Roasted Meat', 'Po Kee BBQ Restaurant', 'Ho Lee Fook']"
7454117620929907984,"['Bakehouse (Wan Chai)', 'Yat Lok Restaurant', 'N1 Coffee & Co.', 'Kai Kai Dessert', 'Kam Wah Cafe & Cake Shop']"
7454188270486867206,"['Tsim Sha Tsui', 'Tsing Ma Bridge', 'Avenue Of Stars', 'K11 MUSEA', 'Central', 'Mong Kok', 'Hong Kong International Airport']"
7454565337514724613,"['Hong Kong Disneyland', 'ifc mall', 'Po Lin Monastery']"
7454842807740648711,"['Tai O', 'Lantau Island']"
7454868935876316448,"['Hong Kong International Airport', 'Victoria Harbour', 'Lantau Island', 'Po Lin Monastery', 'Tian Tan Buddha', 'Hong Kong Disneyland']"
7454891189855063314,"['Cheung Hing Restaurant', 'Hong Kong Disneyland', 'Po Lin Monastery']"
7454899665016851730,"['Hong Kong International Airport', 'Tsing Ma Bridge', 'The Peninsula']"
7455280570587761925,"['Hong Kong Disneyland', 'Nan Lian Garden', 'Lantau Island']"
7455290557099756817,"['Hong Kong International Airport', 'N Lantau Hwy', 'Panda Hotel', 'Tsim Sha Tsui Promenade', 'Harbour City', 'Clock Tower', 'Tung Chung', 'Citygate Outlets', 'Ngong Ping', 'Ngong Ping Village', 'The Peak Tram', 'Victoria Peak', 'The Peak Tower']"
7455328564649512200,"[""King's Rd"", ""St John's Cathedral"", 'Tsuen Wan']"
7455756973686967570,"['Central', 'Observation Wheel', 'Hong Kong Disneyland', 'Victoria Peak']"
7455929748997311762,"['Tsim Sha Tsui', 'Tsuen Wan', 'Hong Kong Cultural Centre', 'Victoria Harbour', 'K11 MUSEA']"
7455994914803830024,"['Observation Wheel', 'The Peninsula', 'Victoria Harbour']"
7456050663701728530,"['Hong Kong International Airport', 'Kai Kee Noodle Restaurant', 'K11 ARTMALL', 'Hong Kong Disneyland', 'Midtown Delights', 'One Dim Sum']"
7456084869425138987,"['Ngong Ping', 'Tian Tan Buddha', 'Hong Kong-Zhuhai-Macao Bridge']"
7456094318181322002,"['Kung Wo Beancurd Factory', 'Hing Kee Restaurant', 'Kam Wah Cafe & Cake Shop', 'Sai Kung Cafe & Bakery']"
7456095335916555526,"['Hong Kong Heritage Museum', '1881 Heritage', 'Hong Kong Disneyland', 'Hong Kong International Airport', 'Po Lin Monastery']"
7456265426041949447,"['LEGOLAND Discovery Centre', 'K11 MUSEA', 'Kennedy Town', 'Yee Wo St', 'Ngong Ping 360', 'The Peninsula']"
7456290389645937925,"['Victoria Peak', 'Lantau Island']"
7456461083549764870,"['Hong Kong-Zhuhai-Macao Bridge', 'Hong Kong Macau Ferry Terminal', 'The Peak Tram', 'Observation Wheel']"
7456672294874713351,"['Hong Kong International Airport', 'iSQUARE', 'Hong Kong Disneyland']"
7456700352000183560,"['Tei Mou Koon Dessert', 'Tai Po']"
7456813217478741254,"['Chukfo Taipan Restaurant', 'Tsim Chai Kee Noodle', 'Yat Lok Restaurant', 'Cheung Hing Kee Shanghai Pan Fried Buns']"
7456815578708299015,"['Times Square', 'Causeway Bay', 'Des Voeux Rd']"
7457114692641639687,"['Hong Kong International Airport', 'Hong Kong Disneyland', 'Ocean Park']"
7457131145981971717,"['Hong Kong International Airport', 'Sky 100', 'Ngong Ping Village']"
7457150832769780998,"['Ngong Ping 360', 'Lantau Island', 'Hong Kong Disneyland', 'The Peak Tram', 'Ngong Ping Village']"
7457184819387190536,"['Ngong Ping', 'Tian Tan Buddha', 'Ngong Ping Cable Car Station', 'Ngong Ping 360', 'Lantau Island', 'Ngong Ping Village', 'Tai Po', 'Victoria Peak']"
7457192891480427794,"['Wan Chai', 'Central', 'Kennedy Town', 'Tsim Sha Tsui', 'Sham Shui Po']"
7457277761531514145,"['Kam Wah Cafe & Cake Shop', 'Hong Kong Island']"
7457349503167892767,"['Kwan Kee Claypot Rice', 'Mak Man Kee Noodle Shop', 'Ying Kee Noodle', 'Po Kee BBQ Restaurant', 'Ho Lee Fook']"
7457351644196424977,"['Repulse Bay', 'Victoria Peak', 'Ngong Ping', 'Ngong Ping 360']"
7457421657997708550,"['The Peak Tram', 'Victoria Peak']"
7457465617528933639,"['Hong Kong-Zhuhai-Macao Bridge', 'Sunny Bay Station', 'Victoria Harbour', 'Hong Kong International Airport']"
7457663608441294113,"['Bakehouse (Wan Chai)', 'Central', 'PMQ', 'Lan Kwai Fong', 'Tsim Sha Tsui']"
7457675745729596703,"['Halfway Coffee', 'Twenty One From Eight Café']"
7457811345136749842,"['Ocean Park', 'Hong Kong Disneyland', 'Ngong Ping 360', 'Victoria Peak']"
7457927030521302290,"['Hong Kong Disneyland', 'Lan Fong Yuen']"
7457954925973179655,"['Tian Tan Buddha', 'Lantau Island', 'MASHI NO MASHI']"
7458091637164576008,"['K11 MUSEA', 'The Peninsula']"
7458099458698398994,"['Hong Kong-Zhuhai-Macao Bridge', 'LOUIS VUITTON']"
7458101346382728456,"['Ngong Ping 360', 'Tian Tan Buddha', 'Lantau Island', 'Tai Mo Shan']"
7458196779859840262,"['Victoria Peak', 'Tsing Ma Bridge', 'Tsim Sha Tsui', 'Star Ferry', 'Po Lin Monastery']"
7458200625298394390,"['Hong Kong Island', 'Lantau Island', 'Kowloon']"
7458232766535126278,"['Victoria Peak', 'The Peak Tram']"
7458308590265306373,"['Kowloon Park Dr', 'Victoria Peak']"
7458350758036081966,"['Observation Wheel', 'BAPE Café', 'Nathan Hotel', 'Hashtag B', 'The one Lemon']"
7458565530878823698,"['Hong Kong International Airport', 'Hong Kong-Zhuhai-Macao Bridge', 'Kwai Fong', 'Tsing Ma Bridge', 'Temple St']"
7458572812895259911,"['YOHO MALL', 'The Peninsula']"
7458574680035724552,"['Victoria Harbour', 'Kowloon Public Pier', 'Hong Kong Convention and Exhibition Centre', 'K11 MUSEA', 'Hong Kong Cultural Centre']"
7458586019902819592,"['Causeway Bay', 'Yat Lok Restaurant', ""Mak's Noodle""]"
7458669834457337094,"[""Mak's Noodle"", 'The Peak Tram', 'Victoria Peak', 'Central', 'Lan Fong Yuen', 'Tai Cheong Bakery', 'Lee Tung Avenue']"
7458854590260202759,"['Victoria Harbour', 'Hong Kong Convention and Exhibition Centre']"
7458921568438095111,"['Whampoa', 'Tai O']"
7458997961624751378,"['Mong Kok', 'Choi Hung Estate', 'Tsim Sha Tsui', 'Admiralty', 'Central', 'Jordan', 'Yau Ma Tei Station']"
7459003751362317575,"['Chungking Mansions', 'Hong Kong Disneyland']"
7459048530074782982,"['Hong Kong International Airport', 'Tsing Ma Bridge', 'Victoria Harbour', 'Tsim Sha Tsui']"
7459064276989365537,"['K11 MUSEA', 'DON DON DONKI', ""Snoopy's World""]"
7459066127663009032,"['Hong Kong International Airport', 'Lantau Island', 'Ocean Park', 'Hong Kong Disneyland']"
7459273775687765266,"['Hong Kong International Airport', 'Tai Wong Temple', 'The Peninsula', 'Victoria Harbour']"
7459569181298642183,"['Victoria Harbour', 'Harbour Grand']"
7459627903051894034,"['Hong Kong International Airport', 'Nathan Rd', 'Temple Street Night Market']"
7459663480900095240,"[""Disney's Hollywood Hotel"", 'Hong Kong Disneyland']"
7459671604050595078,"['Victoria Peak', 'Hong Kong Disneyland']"
7459771669310328070,"['Hong Kong Disneyland', 'Tsim Sha Tsui']"
7459882727274286343,"['Hong Kong International Airport', 'Hong Kong Disneyland']"
7459884967439502610,"['Hong Kong International Airport', 'Victoria Harbour', 'Hong Kong Disneyland']"
7459942211719793925,"['Jordan', 'Quarry Bay']"
7460088030313876769,"['The Peak Tram', 'Victoria Peak']"
7460104179592219911,"['Hong Kong International Airport', 'Citygate Outlets', 'Sha Tin Che Kung Temple', 'Regala Skycity Hotel', 'Tian Tan Buddha', 'Lantau Island', 'Ngong Ping 360']"
7460107889303194900,"['Sha Tin Che Kung Temple', 'Lantau Island', 'Regala Skycity Hotel']"
7460124907100261649,"['Victoria Harbour', 'Hong Kong International Airport']"
7460131400923090183,"['Central Ferry Pier', 'ifc mall', 'Observation Wheel', 'Tsim Sha Tsui', 'Clock Tower', 'K11 MUSEA']"
7460145661518810384,"['Granville Rd', 'Hong Kong Disneyland']"
7460197359096483104,"['The Peak Tram', 'K11 MUSEA', 'Tai Ping Shan']"
7460218926069304608,"['Hong Kong Museum of History', 'Avenue Of Stars']"
7460331135634115858,"['Hong Kong International Airport', 'Hong Kong Disneyland', 'The Peninsula']"
7460360924382235909,"['Victoria Peak', 'The Peak Tower', 'Tian Tan Buddha', 'Avenue Of Stars', 'Victoria Harbour', 'Hong Kong Disneyland', 'K11 MUSEA']"
7460418114694532357,"['Tsing Ma Bridge', 'Victoria Peak', 'Victoria Harbour']"
7460440837621665032,"['Hashtag B', 'Yee Shun Milk Company', 'Man Wah', 'Lantau Island', 'Tai O']"
7460456628022693127,"['MOMA', 'Tsim Sha Tsui', 'K11 MUSEA']"
7460489974333410578,"['Ngong Ping', 'Lantau Island']"
7460514632231423240,"['Hong Kong International Airport', 'Hong Kong Disneyland']"
7460527508237208840,"['Ngong Ping 360', 'Lantau Island', 'Tian Tan Buddha']"
7460689671052365062,"['Hong Kong Disneyland', 'Main Street Bakery']"
7460692174460423431,"['Tai Po', 'Tai O']"
7460702183244205320,"['Lung Dim Sum', 'Stanley', 'Hak Dei']"
7460748750319832327,"['Hung Hom Station', 'AsiaWorld-Expo', 'Tsim Sha Tsui', 'Central', 'Kowloon']"
7460774859493297413,"['Kowloon Park', 'Hong Kong Park', 'Choi Hung Estate', 'M+', 'West Kowloon Art Park']"
7460836490898050312,"['Choi Hung Estate', 'Sham Shui Po', 'Mong Kok', 'Prince Edward', 'Taikoo Shing', 'Jordan', 'Admiralty', 'Sai Ying Pun', 'Central', 'Causeway Bay']"
7460872568686382341,"['Ngong Ping Village', 'Ping Shan', 'Tian Tan Buddha', 'Tai O', 'Tung Chung Station', 'The Peak Tram', 'The FOREST']"
7460886152015285537,"['The Peak Tram', 'Kennedy Rd', 'Victoria Peak']"
7460920512722586896,"['Lantau Island', 'Hong Kong Disneyland']"
7460928735005429025,"['The Peak Tower', 'Victoria Peak']"
7460962535127223570,"['Hong Kong International Airport', 'iSQUARE', 'Hong Kong Disneyland', 'Ngong Ping', 'Ngong Ping Village']"
7461072668771568903,"['Yat Lok Restaurant', 'Cheung Hing Coffee Shop', 'Australia Dairy Company', 'Cheung Hing Kee Shanghai Pan Fried Buns', 'Lin Heung Lau']"
7461079269565943070,"['Victoria Peak', 'Lin Heung Lau', 'Tian Tan Buddha', 'Bar Leone', 'Yat Lok Restaurant', 'Hong Kong Island', 'Victoria Harbour']"
7461175157483146517,"['Mong Kok', 'Victoria Harbour']"
7461222077085846791,"['Victoria Harbour', 'HKU Station', 'Oasis Aurum 181 Hotel', 'Sheung Wan']"
7461270623877139720,"['Hong Kong Disneyland', 'Central']"
7461295813143104774,"['Sky 100', 'Observation Wheel']"
7461530732486200584,"['Victoria Harbour', 'Kowloon', 'Hong Kong Cultural Centre', 'Avenue Of Stars', 'K11 MUSEA', 'The Peninsula', 'Central', 'West Kowloon Art Park']"
7461538466883554565,"['Victoria Harbour', 'Hong Kong Disneyland']"
7461578804226460934,"['Hong Kong Disneyland', 'World of Frozen', 'Tomorrowland']"
7461581856237047058,"['Hong Kong International Airport', 'Hong Kong-Zhuhai-Macao Bridge']"
7461587581600271624,"['The Peninsula', 'Cheung Kong Center', 'The Peak Tram', 'Victoria Peak', 'Sky 100', 'Victoria Harbour']"
7461592692749798664,"['Tsim Sha Tsui', 'Hong Kong Disneyland']"
7461628817019309320,"['The Peak Tram', 'Observation Wheel', 'Hong Kong International Airport']"
7461757571477638418,"['Hong Kong International Airport', 'Hong Kong Disneyland']"
7461841558761901320,"['Star Ferry Pier', 'Victoria Harbour']"
7461845053477031186,"['Mong Kok', 'Tsing Ma Bridge', 'Hong Kong Disneyland']"
7461914638083460359,"['Ngong Ping Village', 'Hong Kong Disneyland']"
7461969311264017671,"['Hong Kong Disneyland', 'Po Lin Monastery']"
7461982119456247045,"['Hong Kong International Airport', 'Hong Kong Disneyland', 'Disney Explorers Lodge']"
7461985344653708552,"['Hong Kong International Airport', 'Tai Wong Yeh Temple', 'The Peninsula', 'Ocean Park']"
7462012825548967186,"['Hong Kong International Airport', 'Victoria Peak', 'Hong Kong Disneyland', 'Tian Tan Buddha']"
7462061499440270625,"['Mui Wo', 'The Hideout', 'Tai O']"
7462173363549539591,"['Po Lin Monastery', 'Ngong Ping']"
7462210143330094341,"['Wan Chai', 'Yau Ma Tei']"
7462246565827153183,"['The Peninsula', 'Central']"
7462248347680640302,"['Central', 'North Point', 'Kowloon']"
7462336600903585030,"['Times Square', 'The Peak Tram', 'The Peak Tower', 'K11 MUSEA', 'Avenue Of Stars', 'Lee Tung Avenue', ""Ladies' Market"", 'Harbour City']"
7462337951633018130,"['The Peak Tram', 'Hong Kong Disneyland']"
7462567874146700551,"['Tsing Ma Bridge', 'Hong Kong Disneyland']"
7462580266305948933,"['Hong Kong-Zhuhai-Macao Bridge', 'Lantau Island', 'Man Mo Temple', 'Central-Mid-Levels Escalators', 'Nan Lian Garden', 'Avenue Of Stars', 'Ngong Ping Village', 'Tian Tan Buddha', 'K11 MUSEA', 'Observation Wheel', 'Mong Kok', 'The Peak Tram', 'Wan Chai', 'Tsim Sha Tsui', 'Victoria Peak']"
7462611389878734088,"['Hong Kong Disneyland', 'The Royal Garden']"
7462670600859913480,"['Hong Kong Disneyland', 'AsiaWorld-Expo', 'Hashtag B', 'Victoria Peak']"
7462673017722768656,"['Tai Tam', 'Victoria Peak']"
7462673529620729106,"['Causeway Bay', 'Mong Kok', 'Yau Ma Tei', 'Admiralty', 'Central', 'Tsim Sha Tsui']"
7462681084522728722,"['Hong Kong Disneyland', 'Tian Tan Buddha', 'Lantau Island', 'Ngong Ping']"
7462681815971564806,"['Hong Kong Disneyland', 'Bakehouse (Wan Chai)', 'Vission Bakery', 'Ngong Ping 360', 'Ladies Street Sik Faan Co.', 'West Kowloon Cultural District', 'Hong Kong International Airport']"
7462681982141631751,"['Hong Kong International Airport', 'The Peak Tram']"
7462707160238066962,"['Ngong Ping 360', 'Lantau Island', 'Tian Tan Buddha', 'Po Lin Monastery', 'Victoria Peak']"
7462710586128780545,"['Hong Kong International Airport', 'Tsim Sha Tsui', 'Observation Wheel', 'Bakehouse (Wan Chai)']"
7462724840026311943,"['Hong Kong International Airport', 'Museum of Art', 'Victoria Harbour']"
7462739822621232416,"['Victoria Harbour', 'Tsim Sha Tsui Promenade', 'Kowloon', 'K11 MUSEA', 'Avenue Of Stars']"
7462785568263376146,"['Lamma Island', 'Tsing Ma Bridge']"
7462873119485611307,"['Mong Kok', 'Kwun Tong', 'Tsim Sha Tsui', 'The Peninsula', 'Jordan', 'Central', 'Lan Kwai Fong', 'Kowloon']"
7462887186405346566,"['Hong Kong International Airport', ""King's Café"", 'Bakehouse (Wan Chai)']"
7463101552836873502,"['Lantau Island', 'Tian Tan Buddha', 'Po Lin Monastery']"
7463113566753656069,"['Hollywood Rd', 'Shau Kei Wan', ""King's Rd""]"
7463231428352953630,"['Reservoir Islands Viewpoint', 'Tai Lam Chung Reservoir', 'Tai Tam Reservoir', 'Golden Beach']"
7463314153378303263,"['The Ritz-Carlton', 'The St. Regis', 'Hong Kong Cultural Centre', 'The Peninsula']"
7463339779111816470,"['Museum of Art', '1881 Heritage', 'Central', 'Hong Kong Disneyland', 'New Praya']"
7463350222110887186,"['Hong Kong International Airport', 'Hong Kong Disneyland']"
7463351047440944391,"['California Hotel', 'Tsim Sha Tsui']"
7463463313381395720,"['Ngong Ping 360', 'Ngong Ping Village', 'Po Lin Monastery']"
7463499391274323205,"['World of Frozen', 'Hong Kong Disneyland']"
7463574470217846048,"['Tian Tan Buddha', 'Observation Wheel']"
7463703264421367046,"['Cheung Hing Kee Shanghai Pan Fried Buns', 'Capital Café', ""Kam's Roast Goose"", 'Mammy Pancake', ""Mak's Noodle"", 'Sun King Yuen Curry Restaurant', 'Kam Wah Cafe & Cake Shop', 'Mong Kok', 'Yat Lok Restaurant', 'HeSheEat']"
7463781135756119314,"['Hong Kong Disneyland', 'Big Grizzly Mountain Runaway Mine Cars', 'Hyperspace Mountain', 'Mystic Manor', 'Frozen Ever After', ""Tarzan's Treehouse""]"
7463810885472079126,"['Victoria Peak', 'Sky 100', 'Vission Bakery', 'Tsim Sha Tsui Station', 'Museum of Art', 'Victoria Harbour', 'K11 MUSEA']"
7463835986649206034,"['Hong Kong Disneyland', ""Hong Kong Fisherman's Wharf"", 'The Peak Tower', 'Monster Building', 'Tian Tan Buddha', 'Ngong Ping', 'Ngong Ping 360', 'Hong Kong Cultural Centre', 'Kowloon Park', 'Ocean Park']"
7463852114234641696,"['Victoria Peak', 'The Peak Tram']"
7463852443672136965,"['HAIKA Coffee', 'SHARI SHARI Kakigori House', 'Samsen', 'Vission Bakery']"
7463905059101773064,"['Sheung Wan', 'Shiu Shing Hong']"
7463985533044247840,"['Victoria Peak', 'Ngong Ping Village', 'Aberdeen', 'Temple Street Night Market', 'Man Mo Temple', 'Kowloon Park']"
7464018428861467911,"['Hong Kong Disneyland', 'Tai Po', 'Lantau Island', 'Po Lin Monastery', 'Tian Tan Buddha', 'Ngong Ping']"
7464045763480325398,"['Tai O', 'Hong Kong International Airport']"
7464151658356854034,"['Hong Kong International Airport', 'Regal Hongkong Hotel', 'Causeway Bay', 'Museum of Art', 'Central', 'Hong Kong Disneyland']"
7464180998964514065,"['Hong Kong Disneyland', 'Victoria Peak']"
7464183001929223444,"['Hong Kong Science Museum', 'Hong Kong Disneyland', 'Sha Tin Che Kung Temple']"
7464203893438827792,"['Fortress Hill', 'Sham Shui Po', 'Tsui Wan', 'Western Market', 'North Point']"
7464435492583476487,"['Hing Kee Restaurant', 'Temple St']"
7464444195273461034,"['Victoria Peak', 'The Peak Tram', 'Madame Tussauds', 'Times Square', 'Ngong Ping', 'Avenue Of Stars', 'Hong Kong Disneyland']"
7464484304635088134,"['Hong Kong-Zhuhai-Macao Bridge', 'Observation Wheel']"
7464501813845298440,"['Clock Tower', 'Hong Kong Disneyland']"
7464607448431824136,"['M+', 'Museum of Art', 'Shanghai St', 'Castle Peak']"
7464902441138441479,"['Hong Kong International Airport', 'Victoria Harbour', 'SOGO']"
7464924970372680965,"['Hong Kong International Airport', 'K11 MUSEA']"
7464970677192379655,"['Hong Kong Disneyland', 'The Archive Shop']"
7465028119502654752,"['Cococabana', 'China Club HK', 'Bowen Rd', 'Man Mo Temple', 'Victoria Peak', ""Duddell's"", 'Hong Kong Cultural Centre', 'Hong Kong International Airport']"
7465042240214174998,"['HSBC Building', 'Temple St']"
7465176212369919233,"['Hong Kong International Airport', 'Central']"
7465178516389219592,"['Lin Heung Lau', 'Sun Hing Restaurant', 'Kennedy Town']"
7465179131571997968,"['Causeway Bay', 'Tian Tan Buddha', 'ICHIRAN']"
7465188576666406152,"['Hong Kong International Airport', 'Hong Kong Disneyland']"
7465255511592619281,"['Lantau Island', 'Hong Kong Disneyland', 'Ngong Ping']"
7465272548092153106,"['Passione', 'Sky 100', 'Western Market', 'Hong Kong Disneyland', 'Times Square']"
7465317662139288839,"['Lantau Island', 'Hong Kong Disneyland', 'Victoria Harbour']"
7465356578477133063,"['Hong Kong International Airport', 'Tsing Ma Bridge', 'Hong Kong Disneyland', 'Ocean Park']"
7465535434853010695,"['Hong Kong Disneyland', 'Victoria Harbour', 'Ngong Ping', 'Tian Tan Buddha', 'Ngong Ping Village']"
7465663710271491335,"['Hong Kong Disneyland', 'Observation Wheel', 'Chungking Mansions', 'Tian Tan Buddha', 'Tsing Ma Bridge', 'Hong Kong Science Museum']"
7465697912480107782,"['Tai Tam Reservoir', 'Hong Kong Disneyland', 'Giorgio Armani']"
7465724829086387462,"['Hong Kong International Airport', 'Ngong Ping', 'Central', 'Hong Kong Disneyland']"
7465752600185474326,"['Halfway Coffee', 'Sang Roastery', 'Bakehouse (Wan Chai)', 'Sleepyhead']"
7465787542185528593,"['Observation Wheel', 'Museum of Art', 'Tung Wan Beach', 'Lantau Island', 'ifc mall', 'Victoria Harbour']"
7465919741790653713,"['Hong Kong International Airport', 'AsiaWorld-Expo']"
7465954364004273426,"['Victoria Peak', 'Tsim Sha Tsui Promenade', 'Hong Kong Disneyland', 'Tian Tan Buddha', 'Temple Street Night Market', 'Ocean Park', 'Man Mo Temple', 'Lan Kwai Fong', 'Repulse Bay', 'Wong Tai Sin Temple']"
7466064843913612551,"['Ngong Ping 360', 'Hong Kong-Zhuhai-Macao Bridge']"
7466069935312424199,"['Tsing Ma Bridge', 'Hong Kong Disneyland', 'Ngong Ping Village', 'Ngong Ping', 'Yuen Long Park', 'Hong Kong Cultural Centre']"
7466269329823206674,"['Ngong Ping', 'Tian Tan Buddha', 'Lantau Island']"
7466286455770336543,"['Victoria Harbour', '1881 Heritage', 'The Peninsula']"
7466402076797553926,"['Victoria Harbour', 'Sneakers Street', 'Harbour Plaza 8 Degrees', 'Ocean Park', 'Old Hong Kong', 'Sky 100', 'Victoria Peak']"
7466630237111995655,"['Hong Kong International Airport', 'Ngong Ping', 'Po Lin Monastery', 'Ngong Ping 360', 'Hong Kong Disneyland', 'Ocean Park', 'Yau Tsim Mong District']"
7466713492175768849,"['Tsing Yi Station', 'Hong Kong Disneyland', 'Tsing Yi', 'Lai King Station', 'Kin Rin Ko Restaurant', 'Kwai Fong', 'Kwai Hing Station']"
7466863149669502226,"['Ngong Ping Village', 'Ngong Ping 360', 'Hong Kong International Airport']"
7466863753292795154,"['Tsim Sha Tsui', 'Hung Hom Station']"
7466913306779864352,"['New Town Plaza', ""Snoopy's World"", 'Sha Tin Che Kung Temple', 'Sha Tin Park', 'Nan Lian Garden', 'Po Lin Monastery', 'Hong Kong Disneyland']"
7467035080997784839,"['Nathan Rd', 'Kowloon', 'Eaton HK', 'Nathan Hotel']"
7467037121015074053,"['Victoria Harbour', 'Lantau Island', 'Hong Kong Disneyland']"
7467129764541746450,"['Hong Kong Disneyland', 'Hong Kong International Airport']"
7467154557521366305,"['Wong Tai Sin Temple', 'Wong Tai Sin', 'Tai Wong Yeh Temple', 'Nan Lian Garden', 'N1 Coffee & Co.', 'Avenue Of Stars', 'Chungking Mansions', 'Temple Street Night Market', 'Hong Kong Island']"
7467159236791880976,"['Victoria Harbour', 'Wan Chai']"
7467337102204882222,"['Wan Chai Station', 'Hong Kong International Airport', 'Ten Thousand Buddhas Monastery', 'Po Lin Monastery']"
7467394475363486992,"['Kin Rin Ko Restaurant', 'Silka Tsuen Wan', 'Metroplaza']"
7467414404951182599,"['Temple St', 'Hong Kong Disneyland', 'Victoria Peak', 'Victoria Harbour']"
7467466265557224724,"['Valley Centre', 'Central', 'Tsim Sha Tsui']"
7467470591084350741,"['Hong Kong International Airport', 'Repulse Bay', 'Sha Tin Che Kung Temple', 'Tsz Shan Monastery', 'Man Mo Temple', 'Victoria Harbour']"
7467525565420096775,"['Central', 'Chungking Mansions', 'Tsim Sha Tsui', 'Hong Kong Disneyland', 'Observation Wheel']"
7467526069877296402,"['Hong Kong International Airport', 'Victoria Harbour', 'Stone Slab Street', 'Hong Kong Cultural Centre', 'Clock Tower', 'Hong Kong Disneyland', 'K11 MUSEA', 'Causeway Bay Station', 'K11 ARTMALL', 'Pacific Place']"
7467554997316750600,"['Cheung Hing Kee Shanghai Pan Fried Buns', 'Kowloon', ""Ki'son Roasted Goose"", 'Dim Sum Here']"
7467556803321023752,"['Hong Kong International Airport', 'Hung Hom Station', 'K11 MUSEA', 'Observation Wheel', 'Tsim Sha Tsui', 'Hong Kong Disneyland']"
7467558115861466376,"['Hong Kong International Airport', 'Victoria Harbour', 'Hong Kong Disneyland']"
7467563783112674602,"['Po Lin Monastery', 'Ten Thousand Buddhas Monastery']"
7467909552684551430,"['Times Square', 'Observation Wheel', 'Hong Kong Disneyland', 'Victoria Peak', 'Tai Tam Reservoir']"
7468248750050381077,"['Repulse Bay', 'Ngong Ping 360', 'Tian Tan Buddha', 'Wong Tai Sin', 'Sky 100', 'Hong Kong Macau Ferry Terminal', 'Kennedy Town', 'Tai O', 'Lamma Island', 'Hong Kong Palace Museum', 'Victoria Harbour', 'Victoria Peak']"
7468325373214821654,"['Tsim Sha Tsui', 'Victoria Harbour', 'K11 ARTMALL', 'Victoria Peak', 'Nan Lian Garden', 'Wong Tai Sin Temple', 'Choi Hung Estate', 'Monster Building', 'Man Mo Temple']"
7468495758027689223,"['Ngong Ping', 'Victoria Harbour', 'Tian Tan Buddha']"
7468519490481884417,"['Hong Kong Disneyland', 'Victoria Harbour', 'The Peak Tower', 'Ngong Ping']"
7468520378097257733,"['Masjid Ammar and Osman Ramju Sadick Islamic Centre', 'Ocean Park', 'Café Ocean', 'Hong Kong Disneyland', 'Kowloon Mosque And Islamic Centre', 'Ocean Pacific', 'Harbour Plaza 8 Degrees', 'Sky 100', 'Victoria Peak']"
7468598704199437575,"['Tsim Sha Tsui', 'Causeway Bay', 'Tsim Sha Tsui Promenade']"
7468612932100721938,"['Wan Chai', 'iclub Wan Chai Hotel']"
7468622901873298694,"['Hong Kong Railway Museum', 'Victoria Peak', 'The Peak Tram']"
7468724097271221526,"['Hong Kong International Airport', 'Lantau Island', 'Tai Po', 'Buddhist World in the South Archway', 'Po Lin Monastery', 'Tian Tan Buddha', 'Tsuen Wan']"
7468925912755490056,"['Ngong Ping 360', 'Lantau Island', 'Ngong Ping Village']"
7468930966715665672,"['Apliu Street Flea Market', 'Sham Shui Po', 'Tung Chung Station']"
7468945526696856850,"['Hong Kong Disneyland', 'Langham Place', 'Victoria Harbour', 'Hong Kong International Airport']"
7468947278053526791,"['Lamma Island', 'Yung Shue Wan', 'Tai O', 'Yaumatei Tin Hau Temple']"
7468948647498009862,"['Museum of Art', 'Hong Kong Cultural Centre', 'Harbour Plaza 8 Degrees']"
7469092304372944146,"['Victoria Peak', 'Hong Kong Disneyland']"
7469115602964090119,"['The Peak Tram', 'Victoria Peak']"
7469174322033085728,"['Hong Kong Island', 'Halfway Coffee', 'Vission Bakery', 'The Peak Tram', 'Victoria Peak', 'Dim Sum Library', 'Quarry Bay', 'Monster Building']"
7469238473359183110,"['Johnston Rd', 'Central']"
7469315224689069320,"['Bakehouse (Wan Chai)', 'Hong Kong Disneyland', 'Adventureland', 'Fantasyland', 'Lantau Island', 'Tomorrowland']"
7469382861817236744,"['The Peak Tram', 'Victoria Peak']"
7469401634532052231,"['Hong Kong Disneyland', 'Sky 100', 'Ngong Ping 360', 'Aberdeen', 'ICHIRAN']"
7469436145210903824,"['Hong Kong Disneyland', 'The Peak Lookout', 'Sky 100', 'The Peninsula']"
7469621414937709842,"['Observation Wheel', 'Victoria Harbour']"
7469626147077197074,"[""King's Rd"", 'Causeway Bay', 'SOGO', 'Observation Wheel', 'Tsim Sha Tsui', 'Sky 100', 'West Kowloon', 'M+', 'Central', 'Tai Po', 'Victoria Peak', 'Choi Hung Estate Rooftop Basketball Court', 'K11 MUSEA', 'Lan Kwai Fong', 'Mong Kok']"
7469701301039877431,"['Hong Kong International Airport', 'SkyPier']"
7469713945230691604,"['The Peak Tram', 'Sky 100', 'Victoria Peak', 'Hong Kong Convention and Exhibition Centre']"
7469736353803095302,"['Hong Kong International Airport', 'Masjid Ammar and Osman Ramju Sadick Islamic Centre', 'Lung Fung Mall']"
7469747966866197765,"['Hong Kong Disneyland', 'Ocean Park', 'Dorsett Wanchai', 'Hong Kong International Airport', 'Tsing Ma Bridge']"
7469809217335987472,"['Ocean Park', 'Star Ferry', 'Hong Kong International Airport', 'Hong Kong Disneyland', 'Ngong Ping 360']"
7470076880188673287,"['Whampoa', 'Central', 'Observation Wheel']"
7470084802759232786,"['Regal Kowloon Hotel', 'Chek Lap Kok', 'Cafe Aficionado']"
7470100187587939602,"['Bakehouse (Wan Chai)', 'Tsim Sha Tsui', 'Victoria Peak']"
7470115732580355346,"['Bakehouse (Wan Chai)', 'Hopewell Centre', 'QRE Plaza', 'Monster Building', 'Choi Hung Estate', 'Mong Kok', 'Dim Dim Sum', 'Victoria Harbour']"
7470144928102780165,"['Hong Kong Cultural Centre', 'Hong Kong Ocean Park Marriott Hotel']"
7470168225658031381,"['Po Lin Monastery', 'Yau Ma Tei Station']"
7470271034151783702,"['Lantau Island', 'Tsz Shan Monastery']"
7470355340140334342,"['Victoria Peak', 'New Praya']"
7470369382019927303,"['Hong Kong International Airport', 'Tsing Ma Bridge', 'ifc mall', 'Hong Kong Disneyland', 'Sha Tin Che Kung Temple']"
7470408862353329426,"['Observation Wheel', 'Hong Kong Disneyland', 'Sha Tin Che Kung Temple', 'Hong Kong International Airport']"
7470523674894863624,"['Hong Kong International Airport', 'MOKO']"
7470536288429542663,"['The Cityview', 'Yau Ma Tei', 'Hong Kong Disneyland', 'Ngong Ping 360', 'Avenue Of Stars', 'The Peak Tram']"
7470555132271414534,"['Tsim Sha Tsui', 'Hotel Pravo', 'Hong Kong Disneyland', 'The Peak Tram', 'The Peak Tower', 'Avenue Of Stars', 'Kennedy Town', 'Central']"
7470572959044816135,"['Tsim Sha Tsui', 'Xi Hotel', 'Hong Kong Disneyland', 'K11 ARTMALL', 'Nathan Rd', 'Victoria Harbour']"
7470716920552082696,"['Mong Kok', 'Hong Kong Disneyland', 'Kowloon', 'Central', 'The Peninsula']"
7470781789804547335,"['Ngong Ping', 'Hong Kong Disneyland']"
7470876349809397047,"['Hong Kong International Airport', 'Tsing Ma Bridge', 'Hong Kong Disneyland']"
7470877328910863671,"['Central', 'Observation Wheel']"
7470901344379964694,"['Wan Chai Computer Centre', 'Wan Chai', 'Wan Chai Station', 'Tsim Sha Tsui', 'Victoria Harbour', 'Tsim Sha Tsui Station']"
7470914051036531975,"['Hong Kong International Airport', 'Hong Kong Disneyland', 'Central', 'Mong Kok Station']"
7471041557894843654,"['Hon Wo Korean Restaurant', 'Nathan Rd']"
7471089506129579271,"['The Hong Kong Tourism Board Kowloon Visitor Centre', 'Hong Kong International Airport', 'Tsing Ma Bridge']"
7471105702522604855,"['Hong Kong International Airport', 'Hyatt Centric', 'Victoria Harbour', 'Victoria Peak']"
7471532349453323527,"['Hong Kong International Airport', 'Hong Kong Disneyland']"
7471574462194912528,"['Tsim Sha Tsui', 'Lee Garden', 'Observation Wheel', 'Lan Kwai Fong', 'Hong Kong Disneyland']"
7471605389537135893,"['Ocean Park', 'Sha Tin Racecourse', 'Hong Kong Disneyland']"
7471644952284368134,"['Causeway Bay Centre Shopping Arcade', 'Cheung Chau']"
7471662561293782280,"['Hong Kong International Airport', 'Causeway Bay', 'Hong Kong Disneyland', 'Ngong Ping']"
7471824239558003973,"['Central', 'Hong Kong Disneyland', 'Po Lin Monastery']"
7471872429640486152,"['Tsing Ma Bridge', 'Hong Kong Disneyland']"
7471953601296960774,"['The Peninsula', 'LEGOLAND Discovery Centre', 'Victoria Harbour']"
7471954612384304400,"['Hong Kong International Airport', 'Tian Tan Buddha', 'Hong Kong Disneyland']"
7471996622696680712,"['Hong Kong International Airport', 'Hashtag B', 'Sha Tin Che Kung Temple', 'Diamond Hill']"
7472004730433096982,"['Victoria Peak', 'The Peak Tram', 'The Peak Galleria', 'The Peak Tower', 'Tai Mo Shan']"
7472006824330366230,"['Hong Kong International Airport', 'Chai Wan', 'Johnston Rd', 'The Peak Tram', 'Observation Wheel', 'North Point']"
7472011681766345985,"['Victoria Harbour', '阿四快餐', 'Tsim Sha Tsui', 'Tsim Chai Kee Noodle']"
7472369208026860855,"['Victoria Peak', 'The Peak Tower']"
7472375541316766992,"['Dim Dim Sum', 'Australia Dairy Company', 'Kai Kai Dessert', ""Ladies' Market"", 'Victoria Harbour', 'Victoria Peak']"
7472398472143047943,"['Po Lin Monastery', 'Jordan Station', 'Mong Kok', 'Tsim Sha Tsui Station', 'Victoria Harbour', 'Hong Kong Disneyland']"
7472599681168723230,"['The Peninsula', 'Victoria Harbour', 'K11 MUSEA', 'Avenue Of Stars', 'The Peak Tram', 'Observation Wheel']"
7472660128798477576,"['Central', 'Hong Kong Disneyland', 'Ngong Ping 360']"
7472683721737440519,"['Hong Kong International Airport', 'Hong Kong Disneyland']"
7472750957370019127,"['Hong Kong Disneyland', 'Tung Chung', 'Lai King Station', 'Sunny Bay Station']"
7472939852909268232,"['Ngong Ping 360', 'Ngong Ping', 'Ngong Ping Village', 'Po Lin Monastery', 'The Peak Tram', 'Sky 100', 'Victoria Peak', 'Central', 'K11 ARTMALL', 'Mong Kok']"
7473020862237641991,"['Hong Kong International Airport', 'Hong Kong Disneyland', 'The Peninsula', 'Tomorrowland', 'Citygate Outlets']"
7473083122641440007,"['Ngong Ping', 'Ngong Ping Village', 'Buddhist World in the South Archway']"
7473086270692986117,"['The Peninsula', 'K11 MUSEA', 'Avenue Of Stars', 'Kennedy Town', 'Victoria Peak', 'Hong Kong Disneyland']"
7473086409826487572,"[""Disney's Hollywood Hotel"", 'Hong Kong Disneyland']"
7473107542583889157,"['Times Square', 'Victoria Peak', 'Observation Wheel']"
7473135881164000567,"['Hong Kong-Zhuhai-Macao Bridge', 'Hong Kong Disneyland', 'Hong Kong International Airport', 'Regal Airport Hotel', 'Victoria Harbour', 'Causeway Bay']"
7473323569963879686,"['Bakehouse (Wan Chai)', 'Halfway Coffee (Mong Kok)', 'Kai Kai Dessert', 'Hong Kong Disneyland', 'Kam Wah Cafe & Cake Shop', 'Masjid Ammar and Osman Ramju Sadick Islamic Centre', 'Kennedy Town', 'THE MATCHA TOKYO', 'Lucky Star Coffee Shop']"
7473326915974352136,"['Victoria Peak', 'Tai O', 'Tsing Ma Bridge', 'Ngong Ping 360', 'Lantau Island']"
7473425719280880903,"['Lugard Road Lookout', 'Central', 'Graham St', 'Quarry Bay', 'Blue House', 'Avenue Of Stars']"
7473457751411182866,"['Cheung Hing Kee Shanghai Pan Fried Buns', 'Tsim Sha Tsui', 'Tsuen Wan']"
7473528896680365334,"['Hong Kong Disneyland', 'Central', 'Ngong Ping', 'Lantau Island', 'Nan Lian Garden']"
7473682762797419831,"['iSQUARE', 'Hong Kong Disneyland']"
7473831888986131717,"['Tsim Sha Tsui', 'Causeway Bay', 'Causeway Bay Station']"
7473850177581763862,"['Victoria Park', 'Hong Kong Disneyland']"
7473862028545821957,"[""Lord Stow's Bakery"", 'Siu Lam']"
7474048726605057286,"['Wellington St', 'Alice Pizza']"
7474176211942477061,"['Hong Kong International Airport', 'Yaumatei Tin Hau Temple', 'Hong Kong Disneyland']"
7474244967175638290,"['Star Ferry Pier', 'Hong Kong Disneyland', 'Ocean Park']"
7474261916517534981,"['Victoria Harbour', 'Tsim Sha Tsui', 'M+']"
7474322285092982021,"['Hong Kong International Airport', 'Victoria Peak']"
7474395534246120710,"['Observation Wheel', 'Po Lin Monastery']"
7474457864312982792,"['Lantau Island', 'Hong Kong Disneyland']"
7474535756585913655,"['Tsz Shan Monastery', 'Lantau Island']"
7474548457265581332,"[""Ladies' Market"", 'Ngong Ping']"
7474594583540698374,"['Observation Wheel', 'Hong Kong International Airport']"
7474658243831188791,"['Hong Kong Disneyland', 'Disney Explorers Lodge', ""Disney's Hollywood Hotel"", 'World of Color Restaurant']"
7474671785326284050,"['Chungking Mansions', 'Victoria Peak', 'Victoria Harbour']"
7474921649691692306,"['Hong Kong Disneyland', 'Tian Tan Buddha']"
7474985520771124502,"['The Peak Tram', 'Victoria Harbour']"
7475000569015323959,"['Central', 'Victoria Harbour']"
7475003631129873719,"['Ngong Ping 360', 'Lantau Island', 'Canton Rd', 'West Kowloon', 'Central']"
7475017829348035858,"['Regal Airport Hotel', 'Tian Tan Buddha', 'Hong Kong International Airport', 'Citygate Outlets', 'Hong Kong Convention and Exhibition Centre', 'Ngong Ping 360', 'Lantau Island', 'Ngong Ping Village', 'Ngong Ping', 'Po Lin Monastery', 'Tsing Yi']"
7475158232768498950,"['Mong Kok', 'Lai Chi Kok', 'GENERAL PURPOSE HK', 'Causeway Bay', 'SHOWA Causeway Bay', 'Kapok', 'Central']"
7475229378754989330,"['Hong Kong International Airport', 'Hong Kong Disneyland']"
7475250862005161247,"['Sham Shui Po', 'Central']"
7475333882091408646,"['Hong Kong-Zhuhai-Macao Bridge', 'Hong Kong Disneyland', 'Hong Kong Macau Ferry Terminal']"
7475339396711976200,"['Hong Kong International Airport', 'The Peninsula', 'Hong Kong Disneyland']"
7475544173798575368,"['Lantau Island', 'Hong Kong-Zhuhai-Macao Bridge']"
7475566239839046920,"['Ting Kau Bridge', 'Hong Kong International Airport', 'Central', 'Clock Tower', 'Victoria Peak', 'Bakehouse (Wan Chai)', 'SOGO', 'Mong Kok', '富華麵包餅店']"
7475661660225588487,"['Hong Kong-Zhuhai-Macao Bridge', 'Hong Kong International Airport', 'Hong Kong Disneyland', 'Ocean Park', 'Victoria Peak']"
7475665091648605458,"['ICHIRAN', 'Hong Kong Cultural Centre', 'Nan Lian Garden', 'Po Lin Monastery']"
7475667908719381767,"['K11 MUSEA', 'Regent']"
7475721716010896695,"['Hong Kong-Zhuhai-Macao Bridge', 'Hong Kong Disneyland', 'Central', 'Hong Kong Island', 'Central-Mid-Levels Escalators', 'Tai Kwun', 'Prison Yard', 'Happy Valley Racecourse', 'Monster Building', 'Mong Kok', ""Ladies' Market"", 'Sneakers Street', 'Lung Fung Mall']"
7475734306074217736,"['Hong Kong Disneyland', 'Ocean Park', 'Ngong Ping 360']"
7475999586872495376,"['Hong Kong Island', 'Hong Kong Disneyland']"
7476015744719932673,"['Vission Bakery', 'Central']"
7476100125551545605,"['Causeway Bay', 'Central', 'Wan Chai', 'Mong Kok', 'Men Wah Bing Teng (Causeway Bay)', 'Tsim Sha Tsui']"
7476103782271634695,"['The Peninsula', 'Observation Wheel']"
7476145990127373573,"['Hong Kong International Airport', 'Tsing Ma Bridge']"
7476273848812604702,"['Lamma Island', 'Tai O', 'Tai Po']"
7476280777592818960,"['Causeway Bay', 'Hong Kong Stadium', 'Museum of Art']"
7476350071781543175,"['Hong Kong Disneyland', ""Mak's Noodle""]"
7476428418322648327,"['Choi Hung Estate', 'Portland St']"
7476482943888739589,"['The Emperor Hotel', 'Lee Tung Avenue', 'Spring Garden Ln']"
7476514556009843976,"['Hong Kong Disneyland', 'Victoria Harbour', 'The Peak Tram']"
7476527939429960967,"['Tai O', 'Tai Tam', 'Shau Kei Wan', 'Shek O Beach']"
7476752674201931026,"['Lantau Island', 'Hong Kong Disneyland']"
7476911977638464773,"['Tai Tam Reservoir', 'Victoria Peak', 'Observation Wheel', 'Hong Kong Disneyland']"
7476998814440623365,"['Hong Kong International Airport', 'Hong Kong Disneyland', 'K11 ARTMALL', 'Ngong Ping']"
7477034765946752263,"['Hong Kong Disneyland', 'Hung Hom Kwun Yum Temple', 'Sunny Bay Station']"
7477079542784478469,"['Victoria Harbour', 'Hong Kong International Airport', 'Hotel Pravo']"
7477093490598399250,"['Hong Kong International Airport', 'Victoria Peak']"
7477163519973035272,"['Wong Tai Sin Temple', 'Hong Kong Disneyland']"
7477182776941350151,"['Tai O', 'Repulse Bay', 'Tai Po', 'The Peak Tram', 'Victoria Peak', 'Central Ferry Pier']"
7477350807936109870,"['Tai O', 'Sai Kung New Public Pier']"
7477496891207355656,"['Central', 'K11 MUSEA', 'Victoria Harbour', 'Victoria Dockside', 'K11 ARTMALL']"
7477506903610854661,"['YOHO MALL', 'Hong Kong International Airport', 'Hong Kong-Zhuhai-Macao Bridge']"
7477533741712248119,"['Hong Kong Disneyland', 'Dragon Wind', ""Disney's Hollywood Hotel""]"
7477542918929009925,"['Hong Kong International Airport', 'Hong Kong Disneyland', 'Hong Kong-Zhuhai-Macao Bridge', 'Lai King', 'Mong Kok', 'Mandarin Oriental']"
